edition	page	baseline_sha256	candidate_sha256	accepted_v6_sha256	baseline_equal	historical_v6_equal	historical_baseline_equal	difference_fraction	bounding_box
normal	1	1ca05582ff5f65ba2d5f1118f2901760f7a135312934255bb3e85ea93cf3fd15	1ca05582ff5f65ba2d5f1118f2901760f7a135312934255bb3e85ea93cf3fd15	dd2b7fecb5230adc08482204dd64612bea84bdfc4290f1d8f93c5539f780b313	True	False	True	0.0	none
normal	2	6cf19190b228b70ea2077e986698ccdef70f8491080c7276564818c9feedc8fe	6cf19190b228b70ea2077e986698ccdef70f8491080c7276564818c9feedc8fe	6cf19190b228b70ea2077e986698ccdef70f8491080c7276564818c9feedc8fe	True	True	True	0.0	none
normal	3	f15d6afaf8ad2d848cfc88cff484d551f1957d8f59bbaffdf8b4c2f7b1ccb7aa	f15d6afaf8ad2d848cfc88cff484d551f1957d8f59bbaffdf8b4c2f7b1ccb7aa	f15d6afaf8ad2d848cfc88cff484d551f1957d8f59bbaffdf8b4c2f7b1ccb7aa	True	True	True	0.0	none
normal	4	30ac6878133e0fc6d50336725230a89105c202989716cd0e264f15bd2aae3ebe	30ac6878133e0fc6d50336725230a89105c202989716cd0e264f15bd2aae3ebe	30ac6878133e0fc6d50336725230a89105c202989716cd0e264f15bd2aae3ebe	True	True	True	0.0	none
normal	5	0dab29806dcc91efb794e9a7756d8f4ca186f68a2711d7b5b7d72c84549aac72	0dab29806dcc91efb794e9a7756d8f4ca186f68a2711d7b5b7d72c84549aac72	0dab29806dcc91efb794e9a7756d8f4ca186f68a2711d7b5b7d72c84549aac72	True	True	True	0.0	none
normal	6	1f381dce302af7db5419e9034e41c235da2c924d17514036d4a256b4008afb3e	1f381dce302af7db5419e9034e41c235da2c924d17514036d4a256b4008afb3e	1f381dce302af7db5419e9034e41c235da2c924d17514036d4a256b4008afb3e	True	True	True	0.0	none
normal	7	c25591135ce853f131eb1037b2bcaeef9009c5bbfef8be297461b60ae7a2dc7c	c25591135ce853f131eb1037b2bcaeef9009c5bbfef8be297461b60ae7a2dc7c	c25591135ce853f131eb1037b2bcaeef9009c5bbfef8be297461b60ae7a2dc7c	True	True	True	0.0	none
normal	8	b0bc6467cde133b70be02276ec86848c6cac30219ef9248b782e50057e3ddee6	b0bc6467cde133b70be02276ec86848c6cac30219ef9248b782e50057e3ddee6	b0bc6467cde133b70be02276ec86848c6cac30219ef9248b782e50057e3ddee6	True	True	True	0.0	none
normal	9	c1efacc686fcc62f8ff1bc87a2cd502f47f1c0d36afd99f88ae681c661e49ecb	f53a54c9bb7b0d403f18b97ae3b438abe34c17a0225259dbd97afbb964339af7	f53a54c9bb7b0d403f18b97ae3b438abe34c17a0225259dbd97afbb964339af7	False	True	True	0.00031515267777008926	[85, 67, 561, 79]
normal	10	1c56897b200dcceba805555adc68c4ee564516e3636a5760036c67a751e09250	1c56897b200dcceba805555adc68c4ee564516e3636a5760036c67a751e09250	1c56897b200dcceba805555adc68c4ee564516e3636a5760036c67a751e09250	True	True	True	0.0	none
normal	11	5ce5e6fdbbb5c05167139407473bdc26a8896553b5191bf51a876c239020af94	5ce5e6fdbbb5c05167139407473bdc26a8896553b5191bf51a876c239020af94	5ce5e6fdbbb5c05167139407473bdc26a8896553b5191bf51a876c239020af94	True	True	True	0.0	none
normal	12	7ac16e94455c85cec0d38a3c94ca85016576c18f86cb6564c135ec1fda71bf45	7ac16e94455c85cec0d38a3c94ca85016576c18f86cb6564c135ec1fda71bf45	7ac16e94455c85cec0d38a3c94ca85016576c18f86cb6564c135ec1fda71bf45	True	True	True	0.0	none
normal	13	f79453b6dadbc5d30cf7b80acb5ebfaca85f3c1612e46a33e8cf75be23ec315e	f79453b6dadbc5d30cf7b80acb5ebfaca85f3c1612e46a33e8cf75be23ec315e	f79453b6dadbc5d30cf7b80acb5ebfaca85f3c1612e46a33e8cf75be23ec315e	True	True	True	0.0	none
normal	14	fe28c051e15e5a8289785daac40ab02f7ac3d52e9c80f0bb86ccf7164bff0b16	fe28c051e15e5a8289785daac40ab02f7ac3d52e9c80f0bb86ccf7164bff0b16	fe28c051e15e5a8289785daac40ab02f7ac3d52e9c80f0bb86ccf7164bff0b16	True	True	True	0.0	none
normal	15	696995c8a4063b680b38dd5386efe7ce408403bc23614ed32bc5cc6359cacd84	696995c8a4063b680b38dd5386efe7ce408403bc23614ed32bc5cc6359cacd84	696995c8a4063b680b38dd5386efe7ce408403bc23614ed32bc5cc6359cacd84	True	True	True	0.0	none
normal	16	8fc2df05306a4c57d799314ab262d9e7279f4f13bfd6fd33097b3ed7c2ad27ad	5b2fa2e56c6d44e33bfe7978d385d0ceec111dec73a219c94cad28254e50c218	5b2fa2e56c6d44e33bfe7978d385d0ceec111dec73a219c94cad28254e50c218	False	True	True	0.0006834017305992697	[401, 666, 451, 743]
normal	17	c5db93ffcd771acb7dd91221dd79a1ee33042180bbb994703bc63983a67b1395	c5db93ffcd771acb7dd91221dd79a1ee33042180bbb994703bc63983a67b1395	c5db93ffcd771acb7dd91221dd79a1ee33042180bbb994703bc63983a67b1395	True	True	True	0.0	none
normal	18	1c01f020952332131da5d5c0687b31b93da19bd453c0366934255cbcc3e00133	1c01f020952332131da5d5c0687b31b93da19bd453c0366934255cbcc3e00133	1c01f020952332131da5d5c0687b31b93da19bd453c0366934255cbcc3e00133	True	True	True	0.0	none
normal	19	f26598048687d71aacf9019d9bca6de7840d878b1ce4e9b1d435a515e6feb0c0	f26598048687d71aacf9019d9bca6de7840d878b1ce4e9b1d435a515e6feb0c0	f26598048687d71aacf9019d9bca6de7840d878b1ce4e9b1d435a515e6feb0c0	True	True	True	0.0	none
normal	20	3cdd673f5c391e940901e58486520d5a31b9339c572c6eba438b4f29c55bf34a	fc559edc96102c2da015bca3dea2c058bfb8603135b78ae1b7b2039dd3cb3799	fc559edc96102c2da015bca3dea2c058bfb8603135b78ae1b7b2039dd3cb3799	False	True	True	0.00031515267777008926	[85, 67, 561, 79]
normal	21	a2c0a2035a9127e85d540f2fafbb27df64f2ad5def0a7908fc0266916db9e81e	a2c0a2035a9127e85d540f2fafbb27df64f2ad5def0a7908fc0266916db9e81e	a2c0a2035a9127e85d540f2fafbb27df64f2ad5def0a7908fc0266916db9e81e	True	True	True	0.0	none
normal	22	49b860808f43b87c9b27567b5293d9e3254a47cb5b0cc180f206bac0ec4f75c9	126b5b668c711d356ed7b54ad9baa071ff6c011f78e94931e896babe07b40cbe	126b5b668c711d356ed7b54ad9baa071ff6c011f78e94931e896babe07b40cbe	False	True	True	0.0006285925692479498	[509, 512, 568, 672]
normal	23	7c02799b96fda0bf44c0694f38e1af24da6a5b88400a7de8626bba2bafe5b6e4	7c02799b96fda0bf44c0694f38e1af24da6a5b88400a7de8626bba2bafe5b6e4	7c02799b96fda0bf44c0694f38e1af24da6a5b88400a7de8626bba2bafe5b6e4	True	True	True	0.0	none
normal	24	194142bc248ab62c17064c85c72409eb182c6eaa362c04f424275da0cf1874c3	8e46cd8e5ba098a764d2ca3e44643d0e8478ac17ac31e1274d480d0e85e49358	8e46cd8e5ba098a764d2ca3e44643d0e8478ac17ac31e1274d480d0e85e49358	False	True	True	2.0553435506744953e-05	[538, 179, 541, 184]
normal	25	888c0cbbf36012931b3f1ba0584d1f2193f41bbe42dd5d3def0db7eae8c1e8ae	b8037a796f96259e415c028cf75f3bb1077c189a7c9cd2a38e87d070d78da01a	b8037a796f96259e415c028cf75f3bb1077c189a7c9cd2a38e87d070d78da01a	False	True	True	0.00020210878248299203	[195, 500, 212, 510]
normal	26	ea3ada8b0c1ce353ebe5ae110d408f3931c3dede88ae7cf72363474326cc1df2	443fa53c5fc3800833b8b3ff61e25876b5a06b9b83256f3478e3134aadc57241	443fa53c5fc3800833b8b3ff61e25876b5a06b9b83256f3478e3134aadc57241	False	True	True	0.0010088311261227314	[65, 166, 567, 341]
normal	27	517b4d77d306260dd635fbf02e2c54015753e78cebca0ffc851bb4918da15855	af8345eb8ef41243e898edf70863bd7e481b9d19bdf69e040aeaf4894316b2a3	af8345eb8ef41243e898edf70863bd7e481b9d19bdf69e040aeaf4894316b2a3	False	True	True	0.003506073540192243	[60, 135, 566, 617]
normal	28	a18860ef83a5907fb8350335d1b40d70a403741c64fc617e443907481f3bf834	a18860ef83a5907fb8350335d1b40d70a403741c64fc617e443907481f3bf834	a18860ef83a5907fb8350335d1b40d70a403741c64fc617e443907481f3bf834	True	True	True	0.0	none
normal	29	64958debbe497d2a3b06a5c2db889f194e786ce0e05f00b352ce254624394304	64958debbe497d2a3b06a5c2db889f194e786ce0e05f00b352ce254624394304	64958debbe497d2a3b06a5c2db889f194e786ce0e05f00b352ce254624394304	True	True	True	0.0	none
normal	30	67b6e7f18b17cba06a64f0b044defeb104af9739e6c109eaf29a5096b3bcb1f5	450a170d16d3b44e173dbdf766da8c6897ed1b75f0372fb9a3495568d413877c	450a170d16d3b44e173dbdf766da8c6897ed1b75f0372fb9a3495568d413877c	False	True	True	8.56393146114373e-06	[60, 760, 63, 763]
normal	31	a6d3bce812a9f4837c3bef14b0cbf3cbebf48d58b717acc9786b4fb09201833f	52588814c6bdf89595afe7dba631bae4c1234ea69fef49bbb41e91401a7cf014	52588814c6bdf89595afe7dba631bae4c1234ea69fef49bbb41e91401a7cf014	False	True	True	0.001894341639204993	[62, 291, 581, 705]
normal	32	742cf0eafa6c021f1b03b9d5f5b5f832a269246081809bb5f2360dd5c38c3f51	9fd7ff5db925b47e7067350aeb19c8f324e257a6ff3b95ea5640248bf94b92f0	9fd7ff5db925b47e7067350aeb19c8f324e257a6ff3b95ea5640248bf94b92f0	False	True	True	3.939408472126116e-05	[61, 761, 581, 792]
normal	33	f079acd2863fbd175ed8b65dfd8d8a074ed98fc7561158f31955ce846779e6ba	d353d7700abf1dcb74e23da8466cfc3658fa7058e784678d3b4f064e7ad3b845	d353d7700abf1dcb74e23da8466cfc3658fa7058e784678d3b4f064e7ad3b845	False	True	True	0.0009505963921869541	[487, 615, 582, 631]
normal	34	791b272dbb6f22af1516c700fa7d1a306c21a78d7f391811c44e8e8889d87ad9	7486b7c8e0d919855e1c69a77a9ef29afcea097caf019ece57a7de775672fa56	7486b7c8e0d919855e1c69a77a9ef29afcea097caf019ece57a7de775672fa56	False	True	True	0.0004350477182261015	[520, 388, 568, 714]
normal	35	fb33cd357fcb2d8e2382c63cf0fc81fc26719808b51fbedc2a0490f0a90bd943	b65ddeb93ab7c5f59554cd2f6604f9b853f8354a27544ad05a0975fd283527a9	b65ddeb93ab7c5f59554cd2f6604f9b853f8354a27544ad05a0975fd283527a9	False	True	True	0.010276717753372477	[61, 452, 581, 650]
normal	36	9f3a67a5087589349fbf2f084392db7cbbdc75925915a487c65377006a054309	de3df0cae153f1e64fbfa006d57b59da17479714801d613b44cb56678fb9a046	de3df0cae153f1e64fbfa006d57b59da17479714801d613b44cb56678fb9a046	False	True	True	4.9670802474633636e-05	[61, 587, 581, 685]
normal	37	878195268163b5746205876d6e3cc2c409176d70e5cf589419d1a2afeb04723a	878195268163b5746205876d6e3cc2c409176d70e5cf589419d1a2afeb04723a	878195268163b5746205876d6e3cc2c409176d70e5cf589419d1a2afeb04723a	True	True	True	0.0	none
normal	38	520725c40b505928b5e90d0d55412918ec7f65c9e9b690b55c4e97c2301214a4	520725c40b505928b5e90d0d55412918ec7f65c9e9b690b55c4e97c2301214a4	520725c40b505928b5e90d0d55412918ec7f65c9e9b690b55c4e97c2301214a4	True	True	True	0.0	none
normal	39	ce513a18783b6888f825ef83d8f79584ebd91bac93a74e32e47ab7a994e60ab5	4a5e74af50339b1fbc909ff7f5a38492f415aa61e2276a06338c456c4d963229	4a5e74af50339b1fbc909ff7f5a38492f415aa61e2276a06338c456c4d963229	False	True	True	0.00031515267777008926	[85, 67, 561, 79]
normal	40	8dac11a195f5a13a851d51a14c5fcc88d67a61b19171dfef4b237772f77f3c0d	ac9545a9e433c0913f7c7a2e91988381231a1627adaf521963c3430f765dbaf4	ac9545a9e433c0913f7c7a2e91988381231a1627adaf521963c3430f765dbaf4	False	True	True	0.0002603435164187694	[466, 396, 488, 407]
normal	41	c16aa5d6595da4e0364c8e4e070f05badeee04f72b40b307a33188b722d16ba6	c16aa5d6595da4e0364c8e4e070f05badeee04f72b40b307a33188b722d16ba6	c16aa5d6595da4e0364c8e4e070f05badeee04f72b40b307a33188b722d16ba6	True	True	True	0.0	none
normal	42	77dda46d60a18af9177504d327f9b8e663d68a679899c7c58129a6671341074f	77dda46d60a18af9177504d327f9b8e663d68a679899c7c58129a6671341074f	77dda46d60a18af9177504d327f9b8e663d68a679899c7c58129a6671341074f	True	True	True	0.0	none
normal	43	a4fc94d0d67bffe391bc645df124c06baedd04c6a824ea9837c5b01d31a80ea8	a4fc94d0d67bffe391bc645df124c06baedd04c6a824ea9837c5b01d31a80ea8	a4fc94d0d67bffe391bc645df124c06baedd04c6a824ea9837c5b01d31a80ea8	True	True	True	0.0	none
normal	44	0ffc30ae694a9bffd2f24576a2b52414e9e2c6b4f8ca68452d911106f9e5085d	0ffc30ae694a9bffd2f24576a2b52414e9e2c6b4f8ca68452d911106f9e5085d	0ffc30ae694a9bffd2f24576a2b52414e9e2c6b4f8ca68452d911106f9e5085d	True	True	True	0.0	none
normal	45	5dcf35d43db1c6d4df43ccabeb37c06204f5cae55131eaa2e28b841a9220adb7	5dcf35d43db1c6d4df43ccabeb37c06204f5cae55131eaa2e28b841a9220adb7	5dcf35d43db1c6d4df43ccabeb37c06204f5cae55131eaa2e28b841a9220adb7	True	True	True	0.0	none
normal	46	67edcaecd5f167604f0413e5ed04381061d07de42dab8c72312ccbd43a73ef2c	c06008bb5636af824a1ad558de6cd58ad3441d2bc96663a9ce58c31828375706	c06008bb5636af824a1ad558de6cd58ad3441d2bc96663a9ce58c31828375706	False	True	True	0.00040079199238152657	[374, 138, 516, 608]
normal	47	54a9e701eeb35f1df757ceb57f6db58e1cb3483621c6024d740179fb2028c6b8	54a9e701eeb35f1df757ceb57f6db58e1cb3483621c6024d740179fb2028c6b8	54a9e701eeb35f1df757ceb57f6db58e1cb3483621c6024d740179fb2028c6b8	True	True	True	0.0	none
normal	48	dc5c27bb7b0300549bab72e139f01591007794c047849f807cf501c1446c6ab5	dc5c27bb7b0300549bab72e139f01591007794c047849f807cf501c1446c6ab5	dc5c27bb7b0300549bab72e139f01591007794c047849f807cf501c1446c6ab5	True	True	True	0.0	none
normal	49	76e72ede580517072b1df38704a9fc5084de104766ae8f6008ac1681ed9e4c3f	76e72ede580517072b1df38704a9fc5084de104766ae8f6008ac1681ed9e4c3f	76e72ede580517072b1df38704a9fc5084de104766ae8f6008ac1681ed9e4c3f	True	True	True	0.0	none
normal	50	ca9054940c5b5670c0599ddcab7c01d8931cdbd0457433e0e289203415ddebe5	994fb11eadc3b1e5cd03b857e9366c9e90556408c54010dfd2dc5fdc7b819246	994fb11eadc3b1e5cd03b857e9366c9e90556408c54010dfd2dc5fdc7b819246	False	True	True	0.00021752385911305076	[317, 284, 337, 294]
normal	51	7cec0ff48b201a1a77a96b19a9b2f0335f37abe8d4d6cac563d47cb0757d8598	7cec0ff48b201a1a77a96b19a9b2f0335f37abe8d4d6cac563d47cb0757d8598	7cec0ff48b201a1a77a96b19a9b2f0335f37abe8d4d6cac563d47cb0757d8598	True	True	True	0.0	none
normal	52	95d833333e24848d8fa727c9bf2449fc96ed251322170dbd8cb05e263c5ee617	95d833333e24848d8fa727c9bf2449fc96ed251322170dbd8cb05e263c5ee617	95d833333e24848d8fa727c9bf2449fc96ed251322170dbd8cb05e263c5ee617	True	True	True	0.0	none
normal	53	80a0b145648be48309be3524a3a6f7aeb0a930ba79729e22eaf6c71a1685b215	80a0b145648be48309be3524a3a6f7aeb0a930ba79729e22eaf6c71a1685b215	80a0b145648be48309be3524a3a6f7aeb0a930ba79729e22eaf6c71a1685b215	True	True	True	0.0	none
normal	54	9958d87f33305c28affb8bcaede2ec094f7684001052486dbf8cc50e82f36f17	5baf532145ff30074194bb1a5f17219c8135d5d66815b3c32e7ff7ea639d7093	5baf532145ff30074194bb1a5f17219c8135d5d66815b3c32e7ff7ea639d7093	False	True	True	2.3979008091202444e-05	[147, 763, 376, 779]
normal	55	d259eb77a898710fcd8dcb24415760bba51e9b6194b07db98278b13e2bf869cb	d259eb77a898710fcd8dcb24415760bba51e9b6194b07db98278b13e2bf869cb	d259eb77a898710fcd8dcb24415760bba51e9b6194b07db98278b13e2bf869cb	True	True	True	0.0	none
normal	56	8e5e941e5bb39b91f0f924d2361017402a75fa5309694896f240302e7b5c8da2	8e5e941e5bb39b91f0f924d2361017402a75fa5309694896f240302e7b5c8da2	8e5e941e5bb39b91f0f924d2361017402a75fa5309694896f240302e7b5c8da2	True	True	True	0.0	none
normal	57	3c58b8f678aacf5c5f0817848406e3317192cbbf2805434da9ed23623346cccd	3c58b8f678aacf5c5f0817848406e3317192cbbf2805434da9ed23623346cccd	3c58b8f678aacf5c5f0817848406e3317192cbbf2805434da9ed23623346cccd	True	True	True	0.0	none
normal	58	ea17120cc6e7d82870113c3452d72dda37bca8f77cb3ae4a91210efadf0dd65f	cbe335ba6085f98d67533d474651c540421495b9fc2769ceeae3b9edda491c43	cbe335ba6085f98d67533d474651c540421495b9fc2769ceeae3b9edda491c43	False	True	True	0.0003682490528291804	[61, 295, 582, 673]
normal	59	fd0212fbd8b2dabe898491273540395d63293dbc7925e39e4271ffe9f8c14235	fd0212fbd8b2dabe898491273540395d63293dbc7925e39e4271ffe9f8c14235	fd0212fbd8b2dabe898491273540395d63293dbc7925e39e4271ffe9f8c14235	True	True	True	0.0	none
normal	60	fb33c24d735ddf4b408accdf77c29508a79b33e14111a7510dc5c8751f2b13b5	fb33c24d735ddf4b408accdf77c29508a79b33e14111a7510dc5c8751f2b13b5	fb33c24d735ddf4b408accdf77c29508a79b33e14111a7510dc5c8751f2b13b5	True	True	True	0.0	none
normal	61	9c278c35809e87d3d1d2d94aa9bec5bea2e24a4c1d26eebde1ded555873c8de6	9c278c35809e87d3d1d2d94aa9bec5bea2e24a4c1d26eebde1ded555873c8de6	9c278c35809e87d3d1d2d94aa9bec5bea2e24a4c1d26eebde1ded555873c8de6	True	True	True	0.0	none
normal	62	2939e09d6a066345263b475b6510b7b9773e8b1b8a46c278af50bc0fd3caecb0	2939e09d6a066345263b475b6510b7b9773e8b1b8a46c278af50bc0fd3caecb0	2939e09d6a066345263b475b6510b7b9773e8b1b8a46c278af50bc0fd3caecb0	True	True	True	0.0	none
normal	63	fc4508ad97ac2eed6f9180f65f471129deac81bb8e9042d73eb12f7234a16deb	fc4508ad97ac2eed6f9180f65f471129deac81bb8e9042d73eb12f7234a16deb	fc4508ad97ac2eed6f9180f65f471129deac81bb8e9042d73eb12f7234a16deb	True	True	True	0.0	none
normal	64	c16a9c566fc4338eaf81f56354fc608b5a3324b18355f139d090428f54085732	c16a9c566fc4338eaf81f56354fc608b5a3324b18355f139d090428f54085732	c16a9c566fc4338eaf81f56354fc608b5a3324b18355f139d090428f54085732	True	True	True	0.0	none
normal	65	9c57d9e0801b180c58cfe37d1af22c779fa0026fdb2fb16fdc7712dc6e84c09d	263822345bec5102e3bb3030f0d4aaece2c784f993f57514ffee44da224007ca	263822345bec5102e3bb3030f0d4aaece2c784f993f57514ffee44da224007ca	False	True	True	0.0003870897020436966	[229, 587, 505, 629]
normal	66	3f60f5ad929f5c94b9e73a7a62c874069953b022612123222fed47db6dfacb0d	3f60f5ad929f5c94b9e73a7a62c874069953b022612123222fed47db6dfacb0d	3f60f5ad929f5c94b9e73a7a62c874069953b022612123222fed47db6dfacb0d	True	True	True	0.0	none
normal	67	870a99c3e37457abb667c01133f3984acf0e81d5a96d4291e77b430069dd9468	870a99c3e37457abb667c01133f3984acf0e81d5a96d4291e77b430069dd9468	870a99c3e37457abb667c01133f3984acf0e81d5a96d4291e77b430069dd9468	True	True	True	0.0	none
normal	68	125dcbaafcf2d4b963d8c0804a2c404fd8509f91ce9d8884e799791f3fdfaecf	125dcbaafcf2d4b963d8c0804a2c404fd8509f91ce9d8884e799791f3fdfaecf	125dcbaafcf2d4b963d8c0804a2c404fd8509f91ce9d8884e799791f3fdfaecf	True	True	True	0.0	none
normal	69	5827006e343725cce9c5e0b0e5c2515c79faa1138083bb858bdb7df161e4fbf7	5827006e343725cce9c5e0b0e5c2515c79faa1138083bb858bdb7df161e4fbf7	5827006e343725cce9c5e0b0e5c2515c79faa1138083bb858bdb7df161e4fbf7	True	True	True	0.0	none
normal	70	34e86e3146478127ab6c85a5d4ef4985c9111b373c80b73bdec2db59f2c56206	34e86e3146478127ab6c85a5d4ef4985c9111b373c80b73bdec2db59f2c56206	34e86e3146478127ab6c85a5d4ef4985c9111b373c80b73bdec2db59f2c56206	True	True	True	0.0	none
normal	71	2bddcc7be52a1c8ec1d5aab35fa26c27a05df2121f9cb078123118a94d4c7f83	2bddcc7be52a1c8ec1d5aab35fa26c27a05df2121f9cb078123118a94d4c7f83	2bddcc7be52a1c8ec1d5aab35fa26c27a05df2121f9cb078123118a94d4c7f83	True	True	True	0.0	none
normal	72	2b15936e85b38d4c285d3a9611197526c3d356902d9dbf22ce98bb68685da0e8	2b15936e85b38d4c285d3a9611197526c3d356902d9dbf22ce98bb68685da0e8	2b15936e85b38d4c285d3a9611197526c3d356902d9dbf22ce98bb68685da0e8	True	True	True	0.0	none
normal	73	0642b0616e3887857aae7d4e4952c89e29aabb8518bba6bd62fa89f3c6de6c82	a44b5582fb4d35a7d2398436258ef7c1f45e9b96eec00b9bd09c2498c61a9755	a44b5582fb4d35a7d2398436258ef7c1f45e9b96eec00b9bd09c2498c61a9755	False	True	True	0.00031515267777008926	[85, 67, 561, 79]
normal	74	ddae8f86e4002adc1aed8b4e415c30516390cea2fb505e7abb3a994a70322f86	bf04f0e7d139bef612d2fb3f4394b03618007293a37bac71ba549127cda7a0d3	bf04f0e7d139bef612d2fb3f4394b03618007293a37bac71ba549127cda7a0d3	False	True	True	0.0001490124074239009	[61, 752, 581, 784]
normal	75	4aceac47deed098e1e70e841144676ded7b5c443277ce2b44e62e4f54794d84b	9a433e684d4cc0e9be1ed591e721a3903cb48f8b93d29d2af4773406421a55c6	9a433e684d4cc0e9be1ed591e721a3903cb48f8b93d29d2af4773406421a55c6	False	True	True	0.0044189886339501645	[61, 574, 582, 725]
normal	76	06367d1453db34a3ef939595b712622572ee860a8faba6d8b69c088a4d93432d	bd8dcedeff50f23eff5d81e5acf50dcb1cd48d323931888b6bea10278ecb2748	bd8dcedeff50f23eff5d81e5acf50dcb1cd48d323931888b6bea10278ecb2748	False	True	True	0.003142962846239749	[62, 508, 581, 715]
normal	77	55633624ec231cbeaa45d5dd41416ae55945353cca0e1343beff80c91e90b25a	55633624ec231cbeaa45d5dd41416ae55945353cca0e1343beff80c91e90b25a	55633624ec231cbeaa45d5dd41416ae55945353cca0e1343beff80c91e90b25a	True	True	True	0.0	none
normal	78	e67b56d70118bac9d0e23aaeeb7a2947b5589d36707ab4257c08ff13721be86e	e67b56d70118bac9d0e23aaeeb7a2947b5589d36707ab4257c08ff13721be86e	e67b56d70118bac9d0e23aaeeb7a2947b5589d36707ab4257c08ff13721be86e	True	True	True	0.0	none
normal	79	70d9b9604faa208c033ba3affa7bf2854682cbb74b49c0ff83b11d65fd07bed8	44bc477012d33e00b7e351c3f8498fc0edef233d2bef05aad2d7882bae969461	44bc477012d33e00b7e351c3f8498fc0edef233d2bef05aad2d7882bae969461	False	True	True	3.939408472126116e-05	[577, 511, 584, 523]
normal	80	f92a929f1ad4b8160467b7703f41567d70d67123848d048fe9a27c3252b8c0db	225775c4a037b8b64d96a49ccf66319eb6b4841259449ee4b8f7565d8afd269d	225775c4a037b8b64d96a49ccf66319eb6b4841259449ee4b8f7565d8afd269d	False	True	True	0.0027935544426250848	[266, 514, 557, 532]
normal	81	b3906c18f8879feb411fba8b6d50c55019c3e8f68fed93858a74c26835481b3b	b3906c18f8879feb411fba8b6d50c55019c3e8f68fed93858a74c26835481b3b	b3906c18f8879feb411fba8b6d50c55019c3e8f68fed93858a74c26835481b3b	True	True	True	0.0	none
normal	82	654e457b0d5cb44dfb3c42e1ce572c76fb949c64e90e439365a574862e4c1bdf	5617e6bcad3cfa3f2206853ec98cf61acb910b92f955f282fff27a0bec41a2e9	5617e6bcad3cfa3f2206853ec98cf61acb910b92f955f282fff27a0bec41a2e9	False	True	True	0.016954871506772357	[61, 794, 582, 813]
normal	83	0bc25f11fee77f65ddf608e5c9c564c635328e81ea041daf96d2dbfc7d1cc438	530b50a032bb786ca2686b52085c760db466a99a21fce3e8d726d48ec23b25e7	530b50a032bb786ca2686b52085c760db466a99a21fce3e8d726d48ec23b25e7	False	True	True	0.17181815690492666	[60, 74, 584, 812]
normal	84	f269e29a56cb3933af0681bf8a64ec727908201df0fdb541154951ec1e33bcb8	ef52eb66fe7274d878b7812bae1a0e306308dd2482f97a1e10bef2d25de8eee1	ef52eb66fe7274d878b7812bae1a0e306308dd2482f97a1e10bef2d25de8eee1	False	True	True	0.06337138002617138	[61, 318, 582, 824]
normal	85	bd6245893c2ca1f3267da0d495510eb1af8783757181e41fe8af67acbf209782	73f7c2d9924ac72e087ef046c8d28916606fd160442398185f2c82300f09f1b1	73f7c2d9924ac72e087ef046c8d28916606fd160442398185f2c82300f09f1b1	False	True	True	0.3249618048656833	[60, 72, 582, 786]
normal	86	20299b982d265489154be6ff9e0942c55081eb0a43259ce816acecc9c91d4ca5	42d9e2717341cfe3e93d8fdff3738e45cf27e07ea92d6ff9e09cee2d73f801d6	42d9e2717341cfe3e93d8fdff3738e45cf27e07ea92d6ff9e09cee2d73f801d6	False	True	True	0.17773069518570028	[60, 72, 582, 819]
normal	87	3638c44b08ac16ca60b5e3760025317e6588298bc359709f9473f23a71fc9eed	61482a7411010c3b53711d66f40be89cbb86ec11e7a7fd4475c8051624190ae3	61482a7411010c3b53711d66f40be89cbb86ec11e7a7fd4475c8051624190ae3	False	True	True	0.11321688670261235	[59, 76, 584, 825]
normal	88	c18396afb97553615c8eaf217b5ea67996e36c0563fae68655570d8aaf33b85b	fb99095d2247d0bf115f6f05b64b33b0128ad3467c3633aec52a81b9bf481304	fb99095d2247d0bf115f6f05b64b33b0128ad3467c3633aec52a81b9bf481304	False	True	True	0.04366577373407965	[60, 77, 582, 334]
normal	89	5aca54f233e8a149e977cc986d3175b8d33219e393a07ea73485d167752e2344	4d29e43480ba615cef8f9c430c668819eaa21de581973081fabc46a673655ea9	4d29e43480ba615cef8f9c430c668819eaa21de581973081fabc46a673655ea9	False	True	True	0.00031515267777008926	[85, 67, 561, 79]
normal	90	c331a1504b3a0510a54ee3631f1b400f5a4ceea53ba233b112cdafd956710fa8	c331a1504b3a0510a54ee3631f1b400f5a4ceea53ba233b112cdafd956710fa8	c331a1504b3a0510a54ee3631f1b400f5a4ceea53ba233b112cdafd956710fa8	True	True	True	0.0	none
normal	91	180161f138ff7b4bf7a644ea870b5999db7472298ee656a0289055cdc4ca29dc	180161f138ff7b4bf7a644ea870b5999db7472298ee656a0289055cdc4ca29dc	180161f138ff7b4bf7a644ea870b5999db7472298ee656a0289055cdc4ca29dc	True	True	True	0.0	none
normal	92	8a194550db83832dcea3094fd2bf05539d2ec4a4218694b7903437fc22121de0	8a194550db83832dcea3094fd2bf05539d2ec4a4218694b7903437fc22121de0	8a194550db83832dcea3094fd2bf05539d2ec4a4218694b7903437fc22121de0	True	True	True	0.0	none
normal	93	8972255135f317995aeafdcb51c376adaf54ad6bac40147d9525ef314415879e	8972255135f317995aeafdcb51c376adaf54ad6bac40147d9525ef314415879e	8972255135f317995aeafdcb51c376adaf54ad6bac40147d9525ef314415879e	True	True	True	0.0	none
normal	94	498bae69fc32a2cec1167af3a4a555e7381e578f5571ece98684de67d34d2821	498bae69fc32a2cec1167af3a4a555e7381e578f5571ece98684de67d34d2821	498bae69fc32a2cec1167af3a4a555e7381e578f5571ece98684de67d34d2821	True	True	True	0.0	none
normal	95	877cafd4a113142e5d0d470051ca026b7e7257ac4e13a91551a9f7414388115e	877cafd4a113142e5d0d470051ca026b7e7257ac4e13a91551a9f7414388115e	877cafd4a113142e5d0d470051ca026b7e7257ac4e13a91551a9f7414388115e	True	True	True	0.0	none
normal	96	2a38b309ba8377c49dd3050847a47b8d2b08e30b1ab3c0b888d5a0b8a1524f50	2a38b309ba8377c49dd3050847a47b8d2b08e30b1ab3c0b888d5a0b8a1524f50	2a38b309ba8377c49dd3050847a47b8d2b08e30b1ab3c0b888d5a0b8a1524f50	True	True	True	0.0	none
normal	97	722351c5e7024891f0a08448800931c62e83df2249dc5cdc1cda96d51317a4a9	722351c5e7024891f0a08448800931c62e83df2249dc5cdc1cda96d51317a4a9	722351c5e7024891f0a08448800931c62e83df2249dc5cdc1cda96d51317a4a9	True	True	True	0.0	none
normal	98	eef59895871d1ccd9b2d4fb2fcd3165394666ecd1326a951c42daff143d0139d	eef59895871d1ccd9b2d4fb2fcd3165394666ecd1326a951c42daff143d0139d	eef59895871d1ccd9b2d4fb2fcd3165394666ecd1326a951c42daff143d0139d	True	True	True	0.0	none
normal	99	6b24a0cd60034f1d30246822f211b2ad20f37c756597f4174c32474d04af43f1	6b24a0cd60034f1d30246822f211b2ad20f37c756597f4174c32474d04af43f1	6b24a0cd60034f1d30246822f211b2ad20f37c756597f4174c32474d04af43f1	True	True	True	0.0	none
normal	100	656d8a9fe6c0a252cffe52ba4054ca6a46b45c1184c4a75892c5686e29664d4f	656d8a9fe6c0a252cffe52ba4054ca6a46b45c1184c4a75892c5686e29664d4f	656d8a9fe6c0a252cffe52ba4054ca6a46b45c1184c4a75892c5686e29664d4f	True	True	True	0.0	none
normal	101	c17297cca2375a7e25f6a309aca19bc972e07b717a7dad7542a1ea9408d0db5f	c17297cca2375a7e25f6a309aca19bc972e07b717a7dad7542a1ea9408d0db5f	c17297cca2375a7e25f6a309aca19bc972e07b717a7dad7542a1ea9408d0db5f	True	True	True	0.0	none
normal	102	770b67bcb4c1358fbbb7d138b42976f1448c04eb4a82816cc041ea7ff4b32ccc	770b67bcb4c1358fbbb7d138b42976f1448c04eb4a82816cc041ea7ff4b32ccc	770b67bcb4c1358fbbb7d138b42976f1448c04eb4a82816cc041ea7ff4b32ccc	True	True	True	0.0	none
normal	103	7a0f67345aa5248ec7cf719ebf4d0edfccc0cae26dfaffd4819660c28117931b	7a0f67345aa5248ec7cf719ebf4d0edfccc0cae26dfaffd4819660c28117931b	7a0f67345aa5248ec7cf719ebf4d0edfccc0cae26dfaffd4819660c28117931b	True	True	True	0.0	none
normal	104	c14a170c5053a4d8a1c684c988f9e402f84f38275c3772ec9e4fda97f102036c	3c02526518a0b9a4e5b781c97aa94e419093404202ff8195e3c2b4d78844910f	3c02526518a0b9a4e5b781c97aa94e419093404202ff8195e3c2b4d78844910f	False	True	True	1.1989504045601222e-05	[576, 677, 582, 682]
normal	105	ce96452278ec6bdde2321d15290373a4969d7b9b67df65dd9d5877da3359c7fb	ce96452278ec6bdde2321d15290373a4969d7b9b67df65dd9d5877da3359c7fb	ce96452278ec6bdde2321d15290373a4969d7b9b67df65dd9d5877da3359c7fb	True	True	True	0.0	none
normal	106	b6b1a04b182d25a9d95013f69b21d88f65c960c2e5f7861b4b4c49a2c56d6e69	b6b1a04b182d25a9d95013f69b21d88f65c960c2e5f7861b4b4c49a2c56d6e69	b6b1a04b182d25a9d95013f69b21d88f65c960c2e5f7861b4b4c49a2c56d6e69	True	True	True	0.0	none
normal	107	57cbf684a4c72552e40f4669993256c47b1fe544823b375fadc55804fb83e009	57cbf684a4c72552e40f4669993256c47b1fe544823b375fadc55804fb83e009	57cbf684a4c72552e40f4669993256c47b1fe544823b375fadc55804fb83e009	True	True	True	0.0	none
normal	108	2a20bb43812f6768e373cf34ba6c069b4a1c8bfcfb56d3a8ef12813a181c8d4a	2a20bb43812f6768e373cf34ba6c069b4a1c8bfcfb56d3a8ef12813a181c8d4a	2a20bb43812f6768e373cf34ba6c069b4a1c8bfcfb56d3a8ef12813a181c8d4a	True	True	True	0.0	none
normal	109	8f5cace180f7494cc98dcbecd77da3a45ed37044f11834b3ff176eca4af06429	8f5cace180f7494cc98dcbecd77da3a45ed37044f11834b3ff176eca4af06429	8f5cace180f7494cc98dcbecd77da3a45ed37044f11834b3ff176eca4af06429	True	True	True	0.0	none
normal	110	22fdb0b4f015225c84a4b8eaec31f82f95a770f76c8cb03f9ce13312bcde0210	22fdb0b4f015225c84a4b8eaec31f82f95a770f76c8cb03f9ce13312bcde0210	22fdb0b4f015225c84a4b8eaec31f82f95a770f76c8cb03f9ce13312bcde0210	True	True	True	0.0	none
normal	111	d97996af9d6a67874e49a22a225d8973daf04e126871ea586e252431a87133d2	d97996af9d6a67874e49a22a225d8973daf04e126871ea586e252431a87133d2	d97996af9d6a67874e49a22a225d8973daf04e126871ea586e252431a87133d2	True	True	True	0.0	none
normal	112	3fdd7340078aa55a28a335821734f7e2463c53e88cb478ffbb3559d057922c81	3fdd7340078aa55a28a335821734f7e2463c53e88cb478ffbb3559d057922c81	3fdd7340078aa55a28a335821734f7e2463c53e88cb478ffbb3559d057922c81	True	True	True	0.0	none
normal	113	912bfd460288c1ae0559670bb52e7143c1fc00385e90e420cdff61479486771b	912bfd460288c1ae0559670bb52e7143c1fc00385e90e420cdff61479486771b	912bfd460288c1ae0559670bb52e7143c1fc00385e90e420cdff61479486771b	True	True	True	0.0	none
normal	114	fc72deee4c1887d31829caeaab3e7f0236bd75ef05831dda3776aa1af591c399	d33627056db8d348632f4e0e2422b49eae40e0e130526318ebffe0ff526d9785	d33627056db8d348632f4e0e2422b49eae40e0e130526318ebffe0ff526d9785	False	True	True	0.0005994752022800611	[96, 624, 557, 635]
normal	115	9ec3d7e9f678d059a06d95ff71a54169fcc5b82f1f7d103798d2bfb539d6212b	9ec3d7e9f678d059a06d95ff71a54169fcc5b82f1f7d103798d2bfb539d6212b	9ec3d7e9f678d059a06d95ff71a54169fcc5b82f1f7d103798d2bfb539d6212b	True	True	True	0.0	none
normal	116	af0a75f4fc487222225ddd701d6c0f8e0ba61ec6f72e9c76007008967188b19b	af0a75f4fc487222225ddd701d6c0f8e0ba61ec6f72e9c76007008967188b19b	af0a75f4fc487222225ddd701d6c0f8e0ba61ec6f72e9c76007008967188b19b	True	True	True	0.0	none
normal	117	c1882b27eee5bd8985965ea50f1fd03fc2b711511d047b46ff9ab5416475ffe7	c1882b27eee5bd8985965ea50f1fd03fc2b711511d047b46ff9ab5416475ffe7	c1882b27eee5bd8985965ea50f1fd03fc2b711511d047b46ff9ab5416475ffe7	True	True	True	0.0	none
normal	118	c6ff92a1c922944a3235fa936a5cfbea046f0610fbd6836e7d9fd7d1580f1cc8	c6ff92a1c922944a3235fa936a5cfbea046f0610fbd6836e7d9fd7d1580f1cc8	c6ff92a1c922944a3235fa936a5cfbea046f0610fbd6836e7d9fd7d1580f1cc8	True	True	True	0.0	none
normal	119	f933204fa66dcd81c4abfa5a7942ee81f9189aa3e1c553792660c037419175a6	f933204fa66dcd81c4abfa5a7942ee81f9189aa3e1c553792660c037419175a6	f933204fa66dcd81c4abfa5a7942ee81f9189aa3e1c553792660c037419175a6	True	True	True	0.0	none
normal	120	a72f11bece2188c2da8eac4f7b91ebcf94d49407ea80c9d889b4707a20d06c07	a72f11bece2188c2da8eac4f7b91ebcf94d49407ea80c9d889b4707a20d06c07	a72f11bece2188c2da8eac4f7b91ebcf94d49407ea80c9d889b4707a20d06c07	True	True	True	0.0	none
normal	121	bb7cb3236438a8c2a8abbf686ee972b600c553d17a7844fef0e35d2bbdda01e5	9ea92799f5cd3c228251d5e2dd1a7243f65acaaa04b6b4fd3c290033a4c44b8b	9ea92799f5cd3c228251d5e2dd1a7243f65acaaa04b6b4fd3c290033a4c44b8b	False	True	True	0.004833482916669522	[76, 480, 566, 495]
normal	122	1037860c58ed455f93ce310acefff146b364f634d3f856204bae04adf67a4ff1	1da26683ec03474d7e62b03415379d7c55a0293765d62573788ad81b176353cd	1da26683ec03474d7e62b03415379d7c55a0293765d62573788ad81b176353cd	False	True	True	0.0009163406663423791	[61, 591, 582, 695]
normal	123	ef5d51f0c8cb1a0b99d6973ca8e3b54016d5904f2bb24d05a1abd65337e912b3	ef5d51f0c8cb1a0b99d6973ca8e3b54016d5904f2bb24d05a1abd65337e912b3	ef5d51f0c8cb1a0b99d6973ca8e3b54016d5904f2bb24d05a1abd65337e912b3	True	True	True	0.0	none
normal	124	e2b82f17b6af06e8868431015e9f3359e323d23dc3f895bffd7b70ab8109987a	ec5993cb62bb8cc733c21bfdc942d23cec4281dce3b7f62fa09425452302927a	ec5993cb62bb8cc733c21bfdc942d23cec4281dce3b7f62fa09425452302927a	False	True	True	0.019488082432978674	[60, 299, 582, 764]
normal	125	4a09dd99cb98cd0e451fa86aa692e67d9e4905a0a8996037804b1345fbbfaa26	4a09dd99cb98cd0e451fa86aa692e67d9e4905a0a8996037804b1345fbbfaa26	4a09dd99cb98cd0e451fa86aa692e67d9e4905a0a8996037804b1345fbbfaa26	True	True	True	0.0	none
normal	126	104efb000fb37b27f51fce000cf5f88a2216cc2caffa2a87548a776eebf00701	104efb000fb37b27f51fce000cf5f88a2216cc2caffa2a87548a776eebf00701	104efb000fb37b27f51fce000cf5f88a2216cc2caffa2a87548a776eebf00701	True	True	True	0.0	none
normal	127	f815f597587653e7a32b82bbca8b3a37ba8a7a83615956f82d1d5bf67a0c1189	ac9b248860484cfdb3479343cc318d16d01d327d5d793b98f95df02900e8827b	ac9b248860484cfdb3479343cc318d16d01d327d5d793b98f95df02900e8827b	False	True	True	0.00031515267777008926	[85, 67, 561, 79]
normal	128	ef958bb352fa481cc032d230251b5a7a1932a64b96aa71ce39691f6497fa66af	ef958bb352fa481cc032d230251b5a7a1932a64b96aa71ce39691f6497fa66af	ef958bb352fa481cc032d230251b5a7a1932a64b96aa71ce39691f6497fa66af	True	True	True	0.0	none
normal	129	94464edc17ba22637ab7af9e32b2f94b28dc79900906e625a48c68f6142850bb	94464edc17ba22637ab7af9e32b2f94b28dc79900906e625a48c68f6142850bb	94464edc17ba22637ab7af9e32b2f94b28dc79900906e625a48c68f6142850bb	True	True	True	0.0	none
normal	130	28a1100bafa5cdc2766e179826a0005534c5b08e197bb54db3ceed8fd595cd98	28a1100bafa5cdc2766e179826a0005534c5b08e197bb54db3ceed8fd595cd98	28a1100bafa5cdc2766e179826a0005534c5b08e197bb54db3ceed8fd595cd98	True	True	True	0.0	none
normal	131	216918c723f65420b5429b9cfa29d6cad83cfad8779743891dec40991d505047	216918c723f65420b5429b9cfa29d6cad83cfad8779743891dec40991d505047	216918c723f65420b5429b9cfa29d6cad83cfad8779743891dec40991d505047	True	True	True	0.0	none
normal	132	5173a1362c38c9d7dafa30b186f1f792f8daff9363ab3e018d90c7e5f8d6429d	b8cdf6ac4b3cc0ec16f114f435c4eff725762630bcc90a60e7a7cb19a97a14d0	b8cdf6ac4b3cc0ec16f114f435c4eff725762630bcc90a60e7a7cb19a97a14d0	False	True	True	7.022423798137859e-05	[244, 172, 250, 181]
normal	133	9ad812c40cc90798c5a17ab3e3950621a30515211a7a3242c26853c0d54dd906	9ad812c40cc90798c5a17ab3e3950621a30515211a7a3242c26853c0d54dd906	9ad812c40cc90798c5a17ab3e3950621a30515211a7a3242c26853c0d54dd906	True	True	True	0.0	none
normal	134	76d28c924cdafb7e5ffa8f61576d0fcd7fa900158764a8318ca4c75d3c8d4e47	76d28c924cdafb7e5ffa8f61576d0fcd7fa900158764a8318ca4c75d3c8d4e47	76d28c924cdafb7e5ffa8f61576d0fcd7fa900158764a8318ca4c75d3c8d4e47	True	True	True	0.0	none
normal	135	da8e9c7d8b3e8fd40374b4bf862769697d1229222e84575bf255325ab6839b5c	da8e9c7d8b3e8fd40374b4bf862769697d1229222e84575bf255325ab6839b5c	da8e9c7d8b3e8fd40374b4bf862769697d1229222e84575bf255325ab6839b5c	True	True	True	0.0	none
normal	136	f267ca8eecce5dec2070d77f3ee1c63819a91d86573309fea89d018acd4d3df2	f267ca8eecce5dec2070d77f3ee1c63819a91d86573309fea89d018acd4d3df2	f267ca8eecce5dec2070d77f3ee1c63819a91d86573309fea89d018acd4d3df2	True	True	True	0.0	none
normal	137	e2483406b4b19b866fa1a98bfe4f6dbd89b4d366d86172583782394c5e24fcbf	e2483406b4b19b866fa1a98bfe4f6dbd89b4d366d86172583782394c5e24fcbf	e2483406b4b19b866fa1a98bfe4f6dbd89b4d366d86172583782394c5e24fcbf	True	True	True	0.0	none
normal	138	367a2a4b07fda999a211d087887626ee8bc33c2b7ffe3a93c82c9b6d2a3fa779	367a2a4b07fda999a211d087887626ee8bc33c2b7ffe3a93c82c9b6d2a3fa779	367a2a4b07fda999a211d087887626ee8bc33c2b7ffe3a93c82c9b6d2a3fa779	True	True	True	0.0	none
normal	139	76bf6cb4bda5e95abfc2925a3f7675679d0c784539c34fbb4f2b6cb8ee6285b7	76bf6cb4bda5e95abfc2925a3f7675679d0c784539c34fbb4f2b6cb8ee6285b7	76bf6cb4bda5e95abfc2925a3f7675679d0c784539c34fbb4f2b6cb8ee6285b7	True	True	True	0.0	none
normal	140	d8174b2fa55c4b5290bc03bbb86ed344e58d49ef49cdc967834d1d450e4d459c	d8174b2fa55c4b5290bc03bbb86ed344e58d49ef49cdc967834d1d450e4d459c	d8174b2fa55c4b5290bc03bbb86ed344e58d49ef49cdc967834d1d450e4d459c	True	True	True	0.0	none
normal	141	07db40db596b9d2ec3c0aaa7e7d2cad23353296a1daa453c3601be4d317be4e2	1e715fadd03fe9b137ef1ee175ae8cec75b2600ad10fb1aa5b72d247e989463e	1e715fadd03fe9b137ef1ee175ae8cec75b2600ad10fb1aa5b72d247e989463e	False	True	True	0.0017710210261645235	[62, 661, 581, 668]
normal	142	05e9fd058b7f07f0dd251347f263ad9090448764eb1650996699bd3cef69cdb9	05e9fd058b7f07f0dd251347f263ad9090448764eb1650996699bd3cef69cdb9	05e9fd058b7f07f0dd251347f263ad9090448764eb1650996699bd3cef69cdb9	True	True	True	0.0	none
normal	143	1e0e68de3b51505d06dea80bf4083d615de4ce1312bd093f2be52cec8211b400	1e0e68de3b51505d06dea80bf4083d615de4ce1312bd093f2be52cec8211b400	1e0e68de3b51505d06dea80bf4083d615de4ce1312bd093f2be52cec8211b400	True	True	True	0.0	none
normal	144	eebb1a16d61c17a93d3042407067bb983dc9c4a696ebf68d39d50d184c3fff99	eebb1a16d61c17a93d3042407067bb983dc9c4a696ebf68d39d50d184c3fff99	eebb1a16d61c17a93d3042407067bb983dc9c4a696ebf68d39d50d184c3fff99	True	True	True	0.0	none
normal	145	0bca831f6acf5756d0366cf3edc64f9cf2f079948866d8ce77927e47cc641227	0bca831f6acf5756d0366cf3edc64f9cf2f079948866d8ce77927e47cc641227	0bca831f6acf5756d0366cf3edc64f9cf2f079948866d8ce77927e47cc641227	True	True	True	0.0	none
normal	146	4de676a2d44b6a7855a1dabe47cf7b0704b7e5162d707eb6f2874e0d9828869c	4de676a2d44b6a7855a1dabe47cf7b0704b7e5162d707eb6f2874e0d9828869c	4de676a2d44b6a7855a1dabe47cf7b0704b7e5162d707eb6f2874e0d9828869c	True	True	True	0.0	none
normal	147	52165cffd7c20e382d7d7f30e0610d42c12e22d5a0c2474a8de9ec8ab25b5343	52165cffd7c20e382d7d7f30e0610d42c12e22d5a0c2474a8de9ec8ab25b5343	52165cffd7c20e382d7d7f30e0610d42c12e22d5a0c2474a8de9ec8ab25b5343	True	True	True	0.0	none
normal	148	50107404ec6a636ffe045ee6b5a2bf541b8e3ce7b5bbc4dffae8ac5d74e760b2	52a22ec8ac5d9e872ce274bd14d1fb8382e904496c0901c42a17e047ef8a1011	52a22ec8ac5d9e872ce274bd14d1fb8382e904496c0901c42a17e047ef8a1011	False	True	True	2.0553435506744953e-05	[562, 762, 568, 768]
normal	149	6741eaccd88abf2bf29b3f1b29fb2df4cffe716d8e3f7d9c97e1881c6ed02eb7	6741eaccd88abf2bf29b3f1b29fb2df4cffe716d8e3f7d9c97e1881c6ed02eb7	6741eaccd88abf2bf29b3f1b29fb2df4cffe716d8e3f7d9c97e1881c6ed02eb7	True	True	True	0.0	none
normal	150	cadf6c55e9c42d066253bb3d96f91806ca944ea71dd12dca61e65700abe5cdad	cadf6c55e9c42d066253bb3d96f91806ca944ea71dd12dca61e65700abe5cdad	cadf6c55e9c42d066253bb3d96f91806ca944ea71dd12dca61e65700abe5cdad	True	True	True	0.0	none
normal	151	20610d06e838be0140d96de2f1160a7af40ef9e0456ada3dfc4f22d1e07ac4f0	20610d06e838be0140d96de2f1160a7af40ef9e0456ada3dfc4f22d1e07ac4f0	20610d06e838be0140d96de2f1160a7af40ef9e0456ada3dfc4f22d1e07ac4f0	True	True	True	0.0	none
normal	152	2acfc141d1beabbdb6bb09d5d1bb8b2e70326bd250b27dd2878542c11934c719	2acfc141d1beabbdb6bb09d5d1bb8b2e70326bd250b27dd2878542c11934c719	2acfc141d1beabbdb6bb09d5d1bb8b2e70326bd250b27dd2878542c11934c719	True	True	True	0.0	none
normal	153	52ac558f32c7b7888fed9f9f6b4c5002d22c5fd50105bfff8b2a448385053dc7	52ac558f32c7b7888fed9f9f6b4c5002d22c5fd50105bfff8b2a448385053dc7	52ac558f32c7b7888fed9f9f6b4c5002d22c5fd50105bfff8b2a448385053dc7	True	True	True	0.0	none
normal	154	d5d2f748612b35b6789fc4b534ca06d89415784bdad8e336a9b298fa7b3035bb	d5d2f748612b35b6789fc4b534ca06d89415784bdad8e336a9b298fa7b3035bb	d5d2f748612b35b6789fc4b534ca06d89415784bdad8e336a9b298fa7b3035bb	True	True	True	0.0	none
normal	155	de1106ba125cb37abea166a1df5cf77cc583c86c76f75b944745b62f4cfa6357	de1106ba125cb37abea166a1df5cf77cc583c86c76f75b944745b62f4cfa6357	de1106ba125cb37abea166a1df5cf77cc583c86c76f75b944745b62f4cfa6357	True	True	True	0.0	none
normal	156	58c03c5d1432417b1e62abc75adc3ec89911b180ed2c676001a2eae7053fc193	58c03c5d1432417b1e62abc75adc3ec89911b180ed2c676001a2eae7053fc193	58c03c5d1432417b1e62abc75adc3ec89911b180ed2c676001a2eae7053fc193	True	True	True	0.0	none
normal	157	de1db6884b05e81da2151054a94de0a437f2a8ee6912b4e7087b6b815cc6c5f8	bb5d525cf331d842bf45866dc1d96a3408f72f1d687e9ba25151d1226a4766bd	bb5d525cf331d842bf45866dc1d96a3408f72f1d687e9ba25151d1226a4766bd	False	True	True	0.0042596995087728915	[61, 421, 582, 835]
normal	158	96ee18dd74d9e2312cb3d21ba9801b1cc31973896274ef4b58de59a11bd7f3d1	96ee18dd74d9e2312cb3d21ba9801b1cc31973896274ef4b58de59a11bd7f3d1	96ee18dd74d9e2312cb3d21ba9801b1cc31973896274ef4b58de59a11bd7f3d1	True	True	True	0.0	none
normal	159	0538d0c2e950dde4e59d4f34568fba7e09bd8b237f4c543c4e44a61c6eb4d58e	0538d0c2e950dde4e59d4f34568fba7e09bd8b237f4c543c4e44a61c6eb4d58e	0538d0c2e950dde4e59d4f34568fba7e09bd8b237f4c543c4e44a61c6eb4d58e	True	True	True	0.0	none
normal	160	9d4c97dcccb5f0fc3cf10f255d9049ddbbc93ce74bd841fbd2d4a87d0897b66e	9d4c97dcccb5f0fc3cf10f255d9049ddbbc93ce74bd841fbd2d4a87d0897b66e	9d4c97dcccb5f0fc3cf10f255d9049ddbbc93ce74bd841fbd2d4a87d0897b66e	True	True	True	0.0	none
normal	161	210fa6b5997ee3fa1534b424f5f990adad91e549a7ac5562be73f2501ce03e52	210fa6b5997ee3fa1534b424f5f990adad91e549a7ac5562be73f2501ce03e52	210fa6b5997ee3fa1534b424f5f990adad91e549a7ac5562be73f2501ce03e52	True	True	True	0.0	none
normal	162	567d2d5a2823d423571ad6ae1e5c9619d364f093181e3f3502ee12380ee9ff7e	567d2d5a2823d423571ad6ae1e5c9619d364f093181e3f3502ee12380ee9ff7e	567d2d5a2823d423571ad6ae1e5c9619d364f093181e3f3502ee12380ee9ff7e	True	True	True	0.0	none
normal	163	2f8dd1289706593107b036b3640b7eec27bdc69afb109a766962ed0c552493ad	104c6d143694f44bc65821ad966c8ab9b7195921ffc7e01c6f86badfb1df088e	104c6d143694f44bc65821ad966c8ab9b7195921ffc7e01c6f86badfb1df088e	False	True	True	0.00022266221798973698	[372, 542, 392, 552]
normal	164	ff294b40707c7a08821a38be6cf3fde4b050e988e55ec8c43f296fb0f6534add	ff294b40707c7a08821a38be6cf3fde4b050e988e55ec8c43f296fb0f6534add	ff294b40707c7a08821a38be6cf3fde4b050e988e55ec8c43f296fb0f6534add	True	True	True	0.0	none
normal	165	d0e51d89c9de1c0b2f192f6fcb5e7f627ee264cef3f4f3c630c7631effeb7c2e	fafd9438b9f9b03e54e75f0ff8999c972ce2d451c78191191230312e8706e210	fafd9438b9f9b03e54e75f0ff8999c972ce2d451c78191191230312e8706e210	False	True	True	0.00020553435506744954	[510, 577, 524, 588]
normal	166	ed574a1fca4e91fdc7da3b8feea430daa3e7b67de2b8b51f0d58cc96d15af1a1	ed574a1fca4e91fdc7da3b8feea430daa3e7b67de2b8b51f0d58cc96d15af1a1	ed574a1fca4e91fdc7da3b8feea430daa3e7b67de2b8b51f0d58cc96d15af1a1	True	True	True	0.0	none
normal	167	5d01a0d1ee1bb58d95a63e5dbccfc181126bf1ccb8ce94ab40b1e4469a779b24	5d01a0d1ee1bb58d95a63e5dbccfc181126bf1ccb8ce94ab40b1e4469a779b24	5d01a0d1ee1bb58d95a63e5dbccfc181126bf1ccb8ce94ab40b1e4469a779b24	True	True	True	0.0	none
normal	168	bf56e5955c846a4fdef711de6b725506c67395fc934743bbcc681709cbf1d171	bf56e5955c846a4fdef711de6b725506c67395fc934743bbcc681709cbf1d171	bf56e5955c846a4fdef711de6b725506c67395fc934743bbcc681709cbf1d171	True	True	True	0.0	none
normal	169	98223816e8be5ba841980a1e8513c1472851b95c3562cf481f67e4a2af6eab97	98223816e8be5ba841980a1e8513c1472851b95c3562cf481f67e4a2af6eab97	98223816e8be5ba841980a1e8513c1472851b95c3562cf481f67e4a2af6eab97	True	True	True	0.0	none
normal	170	1d79e67d04cb0ce546d3c9694b0b7f74082c8403a3b4543315a71ece38004e22	1d79e67d04cb0ce546d3c9694b0b7f74082c8403a3b4543315a71ece38004e22	1d79e67d04cb0ce546d3c9694b0b7f74082c8403a3b4543315a71ece38004e22	True	True	True	0.0	none
normal	171	b30fbc72c675df3177d89507797559be35b849c66a0692846d530775a162f425	b30fbc72c675df3177d89507797559be35b849c66a0692846d530775a162f425	b30fbc72c675df3177d89507797559be35b849c66a0692846d530775a162f425	True	True	True	0.0	none
normal	172	15f72fd447df21f512fd33f7db05f78d7d2de17751ca9f8212539a0426ee9f8d	15f72fd447df21f512fd33f7db05f78d7d2de17751ca9f8212539a0426ee9f8d	15f72fd447df21f512fd33f7db05f78d7d2de17751ca9f8212539a0426ee9f8d	True	True	True	0.0	none
normal	173	8bde410676fcab8b3cc57598edfc9f96ffa19f7786dcd97738c06cb544e31b9b	8bde410676fcab8b3cc57598edfc9f96ffa19f7786dcd97738c06cb544e31b9b	8bde410676fcab8b3cc57598edfc9f96ffa19f7786dcd97738c06cb544e31b9b	True	True	True	0.0	none
normal	174	e0c9e49e3995cb21608acc7a2e06534b18a567b4d242af7962f510bc07479da0	f412faaa312d080dc44a87da1bb4f980433e3339c6395c4a9c11ecc6a9f335dc	f412faaa312d080dc44a87da1bb4f980433e3339c6395c4a9c11ecc6a9f335dc	False	True	True	0.00031515267777008926	[85, 67, 561, 79]
normal	175	0af1b12b13d6036f7a42a6ed79148ee57334ac16dc4b802506312b5ea5c06d63	0af1b12b13d6036f7a42a6ed79148ee57334ac16dc4b802506312b5ea5c06d63	0af1b12b13d6036f7a42a6ed79148ee57334ac16dc4b802506312b5ea5c06d63	True	True	True	0.0	none
normal	176	f78ef2a4b07847eb66459a666fc784d77fa50bcd373565e2ed06b3e01ddfd246	f78ef2a4b07847eb66459a666fc784d77fa50bcd373565e2ed06b3e01ddfd246	f78ef2a4b07847eb66459a666fc784d77fa50bcd373565e2ed06b3e01ddfd246	True	True	True	0.0	none
normal	177	42d951f44cd05699cff9486c05b3feec869f49163b1a5dc1f4652c32312a7a40	42d951f44cd05699cff9486c05b3feec869f49163b1a5dc1f4652c32312a7a40	42d951f44cd05699cff9486c05b3feec869f49163b1a5dc1f4652c32312a7a40	True	True	True	0.0	none
normal	178	719c5863f3a7baec4ab3db7b74dd343e2c90c77d1fc15d6bf5df7d350811696b	719c5863f3a7baec4ab3db7b74dd343e2c90c77d1fc15d6bf5df7d350811696b	719c5863f3a7baec4ab3db7b74dd343e2c90c77d1fc15d6bf5df7d350811696b	True	True	True	0.0	none
normal	179	bc3ec4103c3df1f432e64aa2ca225b2fa7a55eaca1426c2bb884df5bb4a31a0f	bc3ec4103c3df1f432e64aa2ca225b2fa7a55eaca1426c2bb884df5bb4a31a0f	bc3ec4103c3df1f432e64aa2ca225b2fa7a55eaca1426c2bb884df5bb4a31a0f	True	True	True	0.0	none
normal	180	7e2f74316a1aa1a2ccef70eb84dbe5af29700954359fad5950dfb160df2e079c	7e2f74316a1aa1a2ccef70eb84dbe5af29700954359fad5950dfb160df2e079c	7e2f74316a1aa1a2ccef70eb84dbe5af29700954359fad5950dfb160df2e079c	True	True	True	0.0	none
normal	181	cc1016553105dd191b2b199f340ac68800c2cb9d0f03a571f2287aa9234b3bbf	cc1016553105dd191b2b199f340ac68800c2cb9d0f03a571f2287aa9234b3bbf	cc1016553105dd191b2b199f340ac68800c2cb9d0f03a571f2287aa9234b3bbf	True	True	True	0.0	none
normal	182	20c252928884ac1e1e64fddb37bcb1dd97f82339e92c74b9f30754956892b4cb	20c252928884ac1e1e64fddb37bcb1dd97f82339e92c74b9f30754956892b4cb	20c252928884ac1e1e64fddb37bcb1dd97f82339e92c74b9f30754956892b4cb	True	True	True	0.0	none
normal	183	9d612e61ca0ca6c3b127b24862d5cfb43c96be4ad78f80d3110b41cd35c40962	9d612e61ca0ca6c3b127b24862d5cfb43c96be4ad78f80d3110b41cd35c40962	9d612e61ca0ca6c3b127b24862d5cfb43c96be4ad78f80d3110b41cd35c40962	True	True	True	0.0	none
normal	184	0f9691b64da01f2a706698cbf36e1541c0eda2c99b2eaccec30132cb5b825fc7	0f9691b64da01f2a706698cbf36e1541c0eda2c99b2eaccec30132cb5b825fc7	0f9691b64da01f2a706698cbf36e1541c0eda2c99b2eaccec30132cb5b825fc7	True	True	True	0.0	none
normal	185	0eed49daf99594acecaf7ead8c0b4e3679cabb5d6bdf8baf74608dec6aee2b87	0eed49daf99594acecaf7ead8c0b4e3679cabb5d6bdf8baf74608dec6aee2b87	0eed49daf99594acecaf7ead8c0b4e3679cabb5d6bdf8baf74608dec6aee2b87	True	True	True	0.0	none
normal	186	087b424b858335ccabcc68fe5b2b3b4c4e4b38086ee88ce0809efe60199edf19	087b424b858335ccabcc68fe5b2b3b4c4e4b38086ee88ce0809efe60199edf19	087b424b858335ccabcc68fe5b2b3b4c4e4b38086ee88ce0809efe60199edf19	True	True	True	0.0	none
normal	187	23192444bef68727cc1ef8ccc886638ebe9ee70ccd37a7eedf3da1807bab1b88	23192444bef68727cc1ef8ccc886638ebe9ee70ccd37a7eedf3da1807bab1b88	23192444bef68727cc1ef8ccc886638ebe9ee70ccd37a7eedf3da1807bab1b88	True	True	True	0.0	none
normal	188	9693560aed6f52482bcf1d2724ea15d603c1c9e1441a4c1da1f9313f1c5e394d	9693560aed6f52482bcf1d2724ea15d603c1c9e1441a4c1da1f9313f1c5e394d	9693560aed6f52482bcf1d2724ea15d603c1c9e1441a4c1da1f9313f1c5e394d	True	True	True	0.0	none
normal	189	2e0299802a41698c86f348354528544b70dc4f81bd8aa58ff404b345b19e66cb	2e0299802a41698c86f348354528544b70dc4f81bd8aa58ff404b345b19e66cb	2e0299802a41698c86f348354528544b70dc4f81bd8aa58ff404b345b19e66cb	True	True	True	0.0	none
normal	190	6a185e38bb9304e5f59516586cc79e5808087f5662691f25f7a57829afc5979f	6a185e38bb9304e5f59516586cc79e5808087f5662691f25f7a57829afc5979f	6a185e38bb9304e5f59516586cc79e5808087f5662691f25f7a57829afc5979f	True	True	True	0.0	none
normal	191	03900e58a8d80c346afcb63b7e58b3be0a9f2b83ac10e7be509758b8c5a87590	03900e58a8d80c346afcb63b7e58b3be0a9f2b83ac10e7be509758b8c5a87590	03900e58a8d80c346afcb63b7e58b3be0a9f2b83ac10e7be509758b8c5a87590	True	True	True	0.0	none
normal	192	6fbe509c0e07d371f5f429f1d52497634f62d0f1c4780ac987ae43604a267b77	6fbe509c0e07d371f5f429f1d52497634f62d0f1c4780ac987ae43604a267b77	6fbe509c0e07d371f5f429f1d52497634f62d0f1c4780ac987ae43604a267b77	True	True	True	0.0	none
normal	193	8d9ff1f514a9ead6a68eb36ececfef571900d5f1379b83d2e5181913b6282c89	8d9ff1f514a9ead6a68eb36ececfef571900d5f1379b83d2e5181913b6282c89	8d9ff1f514a9ead6a68eb36ececfef571900d5f1379b83d2e5181913b6282c89	True	True	True	0.0	none
normal	194	08915c009285ab4a8b33c42684865c767127012c7773c4221813ae1e835adc16	08915c009285ab4a8b33c42684865c767127012c7773c4221813ae1e835adc16	08915c009285ab4a8b33c42684865c767127012c7773c4221813ae1e835adc16	True	True	True	0.0	none
normal	195	2bec703557c9846425dfd8715d7fca5af02441f75ddcc0b395a548376cbda93a	2bec703557c9846425dfd8715d7fca5af02441f75ddcc0b395a548376cbda93a	2bec703557c9846425dfd8715d7fca5af02441f75ddcc0b395a548376cbda93a	True	True	True	0.0	none
normal	196	cf22f4fab162ed320e2631be4073a1eed89e6b225fe75568a3062ae70d42242b	cf22f4fab162ed320e2631be4073a1eed89e6b225fe75568a3062ae70d42242b	cf22f4fab162ed320e2631be4073a1eed89e6b225fe75568a3062ae70d42242b	True	True	True	0.0	none
normal	197	9d9c73f36008b6ea7ff2bb229ce0d5cd3ee7156f4f3f0ddba1f117ea8e8896f6	9d9c73f36008b6ea7ff2bb229ce0d5cd3ee7156f4f3f0ddba1f117ea8e8896f6	9d9c73f36008b6ea7ff2bb229ce0d5cd3ee7156f4f3f0ddba1f117ea8e8896f6	True	True	True	0.0	none
normal	198	5f41a453b7e047da1f40e35481f7a13c2bc859295a04a2dcca6e8d3da39954dc	5f41a453b7e047da1f40e35481f7a13c2bc859295a04a2dcca6e8d3da39954dc	5f41a453b7e047da1f40e35481f7a13c2bc859295a04a2dcca6e8d3da39954dc	True	True	True	0.0	none
normal	199	b55d9d92acbe10b813ff912ba45f0ff26987b2c0ea45685ae0b15bb136b6e4ed	b55d9d92acbe10b813ff912ba45f0ff26987b2c0ea45685ae0b15bb136b6e4ed	b55d9d92acbe10b813ff912ba45f0ff26987b2c0ea45685ae0b15bb136b6e4ed	True	True	True	0.0	none
normal	200	9972904e1668c89b3faee43d40780845fe7b9b1c71ead5773ff1a6be3bb15e5e	9972904e1668c89b3faee43d40780845fe7b9b1c71ead5773ff1a6be3bb15e5e	9972904e1668c89b3faee43d40780845fe7b9b1c71ead5773ff1a6be3bb15e5e	True	True	True	0.0	none
normal	201	2bb64bf2ded7e03a921e04fbccd726d31f3a7306f9feb73628059ffe52aa3764	2bb64bf2ded7e03a921e04fbccd726d31f3a7306f9feb73628059ffe52aa3764	2bb64bf2ded7e03a921e04fbccd726d31f3a7306f9feb73628059ffe52aa3764	True	True	True	0.0	none
normal	202	ba66ee84e0548f3aa0aad2f3a3e42f633d73e7509782dd42a99bc0b004c03907	ba66ee84e0548f3aa0aad2f3a3e42f633d73e7509782dd42a99bc0b004c03907	ba66ee84e0548f3aa0aad2f3a3e42f633d73e7509782dd42a99bc0b004c03907	True	True	True	0.0	none
normal	203	6fb8baf03a18dcb20f657c0d8506acc651a3d863083d7fb72ea49897473551da	6fb8baf03a18dcb20f657c0d8506acc651a3d863083d7fb72ea49897473551da	6fb8baf03a18dcb20f657c0d8506acc651a3d863083d7fb72ea49897473551da	True	True	True	0.0	none
normal	204	7f81ed544a3d73e7d962119b342868d585b9683f136f47a38cd6ef9a166fafae	7f81ed544a3d73e7d962119b342868d585b9683f136f47a38cd6ef9a166fafae	7f81ed544a3d73e7d962119b342868d585b9683f136f47a38cd6ef9a166fafae	True	True	True	0.0	none
normal	205	28a523dfc6d2c676837761c4810ee433a289d6dd1b95c66cc9889d9262d6f6ff	28a523dfc6d2c676837761c4810ee433a289d6dd1b95c66cc9889d9262d6f6ff	28a523dfc6d2c676837761c4810ee433a289d6dd1b95c66cc9889d9262d6f6ff	True	True	True	0.0	none
normal	206	8dc20e3a123b04feeb407ff1f5eda5c34e061b18e91111624298fc2ea57d3d0d	89de1879e010f37fb690c5b1b357ac2c5fd6eeb5ed9783d984ccb4219d4abc06	89de1879e010f37fb690c5b1b357ac2c5fd6eeb5ed9783d984ccb4219d4abc06	False	True	True	0.00031515267777008926	[85, 67, 561, 79]
normal	207	54924699852dad4bc1d5a0dfa2c0ca57a309ee1381b558aee6dbc04020b246ae	54924699852dad4bc1d5a0dfa2c0ca57a309ee1381b558aee6dbc04020b246ae	54924699852dad4bc1d5a0dfa2c0ca57a309ee1381b558aee6dbc04020b246ae	True	True	True	0.0	none
normal	208	5206f4039766f31992f808ad03939e00a64f3ade7a67ba3f3568f790f5dedaeb	5206f4039766f31992f808ad03939e00a64f3ade7a67ba3f3568f790f5dedaeb	5206f4039766f31992f808ad03939e00a64f3ade7a67ba3f3568f790f5dedaeb	True	True	True	0.0	none
normal	209	61f51fbb830a1cfa37cf5e99d9e254fd4b78487a63c5f24655fb77d1a5fd42b3	61f51fbb830a1cfa37cf5e99d9e254fd4b78487a63c5f24655fb77d1a5fd42b3	61f51fbb830a1cfa37cf5e99d9e254fd4b78487a63c5f24655fb77d1a5fd42b3	True	True	True	0.0	none
normal	210	2e06bf551ad91695e34a1e841d8dbe3a4594f4aae94050a0ad9dd298e3d8d190	2e06bf551ad91695e34a1e841d8dbe3a4594f4aae94050a0ad9dd298e3d8d190	2e06bf551ad91695e34a1e841d8dbe3a4594f4aae94050a0ad9dd298e3d8d190	True	True	True	0.0	none
normal	211	643e171d4b144b59849aaa7b89cb5c3afb44fe3ad2c8b4da11b6cad22b83ae11	643e171d4b144b59849aaa7b89cb5c3afb44fe3ad2c8b4da11b6cad22b83ae11	643e171d4b144b59849aaa7b89cb5c3afb44fe3ad2c8b4da11b6cad22b83ae11	True	True	True	0.0	none
normal	212	2e27227eaeed6e0e29ecd7e50a9371a650a8fdaed52b2ea257ed496bbf366add	2d278f0ff44acc95dc2add62c63fb6ab9df5432b9d4343d0502630d28e1c2ba7	2d278f0ff44acc95dc2add62c63fb6ab9df5432b9d4343d0502630d28e1c2ba7	False	True	True	3.2542939552346177e-05	[281, 747, 294, 758]
normal	213	10b297f86f2e650a2835727619e7999d7ee4ada8431dfe806470712c089e5eaf	10b297f86f2e650a2835727619e7999d7ee4ada8431dfe806470712c089e5eaf	10b297f86f2e650a2835727619e7999d7ee4ada8431dfe806470712c089e5eaf	True	True	True	0.0	none
normal	214	fed47cffa888a77e5b4d206ec6b58ef36e4df2b42618ab3423049fd85cbb5486	fad38204f3fe59c7f6233c229b1020ff56d7d560abb9ef1df6d105f3dde3f59b	fad38204f3fe59c7f6233c229b1020ff56d7d560abb9ef1df6d105f3dde3f59b	False	True	True	0.11997040305287028	[61, 311, 582, 797]
normal	215	5fcaabf64812b8abc89ed9b1893e55c2a4e6e117c245272642c350bd59b25181	5fcaabf64812b8abc89ed9b1893e55c2a4e6e117c245272642c350bd59b25181	5fcaabf64812b8abc89ed9b1893e55c2a4e6e117c245272642c350bd59b25181	True	True	True	0.0	none
normal	216	626c3e183618d8625e1f05066f102ea54759f0e6cb1b3809152af6eff789c700	626c3e183618d8625e1f05066f102ea54759f0e6cb1b3809152af6eff789c700	626c3e183618d8625e1f05066f102ea54759f0e6cb1b3809152af6eff789c700	True	True	True	0.0	none
normal	217	13922c6e6aa995ff1be12d7804b3189e0b7e6b994c9c134e77e5dcd81f98e3ca	13922c6e6aa995ff1be12d7804b3189e0b7e6b994c9c134e77e5dcd81f98e3ca	13922c6e6aa995ff1be12d7804b3189e0b7e6b994c9c134e77e5dcd81f98e3ca	True	True	True	0.0	none
normal	218	4734b351ab30dbd77d01902e913d1333b6fb749c48a1f3af15ac29d100dbb59b	414173c2981d873c8dc6ce373fdbb8ffe0cd52e7d2e1d18e1d81c7eac4d25ad6	414173c2981d873c8dc6ce373fdbb8ffe0cd52e7d2e1d18e1d81c7eac4d25ad6	False	True	True	0.0029596947129712733	[88, 302, 404, 314]
normal	219	bba1ee949dd27ed912f032eb5bb0853b0d2fe81495fecc50ac765dcf40430fb1	62f3be3bc2ec848f797f0d3eb4b388ad65559aee0d86c80e71e67bf1fa52ff8c	62f3be3bc2ec848f797f0d3eb4b388ad65559aee0d86c80e71e67bf1fa52ff8c	False	True	True	0.001186960900514521	[111, 143, 475, 768]
normal	220	57ea4a8afdc21d772bb742cd0767a295af73953bc6d5a82afc24d9284523ed1e	bc7a1a52966124c50e727394a8f663c1ec1441f1cd057b1e05d565554a8c8dc8	bc7a1a52966124c50e727394a8f663c1ec1441f1cd057b1e05d565554a8c8dc8	False	True	True	0.0003716746254136379	[241, 111, 294, 125]
normal	221	576785b58c2360fc75168b6215b5aa7dcb394b5293e0d7ab8229615a2ce81a77	576785b58c2360fc75168b6215b5aa7dcb394b5293e0d7ab8229615a2ce81a77	576785b58c2360fc75168b6215b5aa7dcb394b5293e0d7ab8229615a2ce81a77	True	True	True	0.0	none
normal	222	53ac5c7bc4d84dbb3caa584b3e4b32f91b988597dc5ebb55c3eb18d7972cd8fb	53ac5c7bc4d84dbb3caa584b3e4b32f91b988597dc5ebb55c3eb18d7972cd8fb	53ac5c7bc4d84dbb3caa584b3e4b32f91b988597dc5ebb55c3eb18d7972cd8fb	True	True	True	0.0	none
normal	223	cabb8b3357f336b81f6699263c5e771e58f5a7d55387985f61c9ac766c156311	cabb8b3357f336b81f6699263c5e771e58f5a7d55387985f61c9ac766c156311	cabb8b3357f336b81f6699263c5e771e58f5a7d55387985f61c9ac766c156311	True	True	True	0.0	none
normal	224	bbc9c1372dd354e4afeb244afc7debe0c4f8e8c3a692c7f4ced907ede3bea8e9	bbc9c1372dd354e4afeb244afc7debe0c4f8e8c3a692c7f4ced907ede3bea8e9	bbc9c1372dd354e4afeb244afc7debe0c4f8e8c3a692c7f4ced907ede3bea8e9	True	True	True	0.0	none
normal	225	1469e516fafa5e97bd8f08dcf3584a54b247d573913154dcf32f98b9e44c7500	1469e516fafa5e97bd8f08dcf3584a54b247d573913154dcf32f98b9e44c7500	1469e516fafa5e97bd8f08dcf3584a54b247d573913154dcf32f98b9e44c7500	True	True	True	0.0	none
normal	226	fa744691f7e6ce674c7161d43a892d239683833dba15111b137e019fba320d13	fa744691f7e6ce674c7161d43a892d239683833dba15111b137e019fba320d13	fa744691f7e6ce674c7161d43a892d239683833dba15111b137e019fba320d13	True	True	True	0.0	none
normal	227	bb9eea7f3a254fa96d6194c4f261d79b9094a3623d55b382146516d1950a4954	bb9eea7f3a254fa96d6194c4f261d79b9094a3623d55b382146516d1950a4954	bb9eea7f3a254fa96d6194c4f261d79b9094a3623d55b382146516d1950a4954	True	True	True	0.0	none
normal	228	72625aa85dc34210759863c7226d9fc5b89efd81375e5c7dc5f1ba8a10380738	72625aa85dc34210759863c7226d9fc5b89efd81375e5c7dc5f1ba8a10380738	72625aa85dc34210759863c7226d9fc5b89efd81375e5c7dc5f1ba8a10380738	True	True	True	0.0	none
normal	229	81c29a52146aae1420bf8d2e8a45979d86ff03cf45498b6138627da5810ddd7b	81c29a52146aae1420bf8d2e8a45979d86ff03cf45498b6138627da5810ddd7b	81c29a52146aae1420bf8d2e8a45979d86ff03cf45498b6138627da5810ddd7b	True	True	True	0.0	none
normal	230	1a649ef2f8bd5ea9ca05de7cdbecea099b910b5f9c5b33e851039b8009cf5971	1a649ef2f8bd5ea9ca05de7cdbecea099b910b5f9c5b33e851039b8009cf5971	1a649ef2f8bd5ea9ca05de7cdbecea099b910b5f9c5b33e851039b8009cf5971	True	True	True	0.0	none
normal	231	b668213d30dbe7eb6a696861e8266f649d7c45c20be116fc3f080ae6bb1b3c11	b668213d30dbe7eb6a696861e8266f649d7c45c20be116fc3f080ae6bb1b3c11	b668213d30dbe7eb6a696861e8266f649d7c45c20be116fc3f080ae6bb1b3c11	True	True	True	0.0	none
normal	232	449effecd01486754f378ffcd46097b44056e93c789f9ba4a10901f1715299d0	aa00d5bece89cd62fc61b9f9386ea5cdf29f322c1f91103a81a7bdde84e1c2b5	aa00d5bece89cd62fc61b9f9386ea5cdf29f322c1f91103a81a7bdde84e1c2b5	False	True	True	0.0031463884188242066	[215, 751, 568, 794]
normal	233	ffd49f31772a0f1f96384142ec764c5711a42626d1019baefe0d6240acc4e2fb	ffd49f31772a0f1f96384142ec764c5711a42626d1019baefe0d6240acc4e2fb	ffd49f31772a0f1f96384142ec764c5711a42626d1019baefe0d6240acc4e2fb	True	True	True	0.0	none
normal	234	ac72d1cfb28a48c02d639b1b37f830f3d839a607c886d565161151e2f9655a82	ac72d1cfb28a48c02d639b1b37f830f3d839a607c886d565161151e2f9655a82	ac72d1cfb28a48c02d639b1b37f830f3d839a607c886d565161151e2f9655a82	True	True	True	0.0	none
normal	235	7e501955c4834c57a95a6557c42c89d25149b99d461c35c309788bd80e8caddc	7e501955c4834c57a95a6557c42c89d25149b99d461c35c309788bd80e8caddc	7e501955c4834c57a95a6557c42c89d25149b99d461c35c309788bd80e8caddc	True	True	True	0.0	none
normal	236	7acfc16eb30d444456e499d64925fde97cb8f540bbe588b4fd5eb783cd405501	7acfc16eb30d444456e499d64925fde97cb8f540bbe588b4fd5eb783cd405501	7acfc16eb30d444456e499d64925fde97cb8f540bbe588b4fd5eb783cd405501	True	True	True	0.0	none
normal	237	bf571d0f8c13525fb75dbc595e72c0e7e7cf079b9fa2142b31e51e39897b0761	bf571d0f8c13525fb75dbc595e72c0e7e7cf079b9fa2142b31e51e39897b0761	bf571d0f8c13525fb75dbc595e72c0e7e7cf079b9fa2142b31e51e39897b0761	True	True	True	0.0	none
normal	238	5b1151c6612bc293b963c285657d247a158079d3212c7fa5deb9831c6cc8528f	5b1151c6612bc293b963c285657d247a158079d3212c7fa5deb9831c6cc8528f	5b1151c6612bc293b963c285657d247a158079d3212c7fa5deb9831c6cc8528f	True	True	True	0.0	none
normal	239	9096fc558d2b7357c3c55759f3dce7467f27361d1add67752babf81666a0f047	9096fc558d2b7357c3c55759f3dce7467f27361d1add67752babf81666a0f047	9096fc558d2b7357c3c55759f3dce7467f27361d1add67752babf81666a0f047	True	True	True	0.0	none
normal	240	e0fcebaecbbb0d35703340b7a922be39c98512d5656ea3d09ed99929c9a41fbb	e0fcebaecbbb0d35703340b7a922be39c98512d5656ea3d09ed99929c9a41fbb	e0fcebaecbbb0d35703340b7a922be39c98512d5656ea3d09ed99929c9a41fbb	True	True	True	0.0	none
normal	241	8d59ab5d87b55ce685b02b31e048cbca8a8a95583defd7fdb7c3f11704ae6dbc	8d59ab5d87b55ce685b02b31e048cbca8a8a95583defd7fdb7c3f11704ae6dbc	8d59ab5d87b55ce685b02b31e048cbca8a8a95583defd7fdb7c3f11704ae6dbc	True	True	True	0.0	none
normal	242	4aeb2811332b6592597eaf9f4128f6a1b3d25398acd4e4e56e9510fee581f35f	4aeb2811332b6592597eaf9f4128f6a1b3d25398acd4e4e56e9510fee581f35f	4aeb2811332b6592597eaf9f4128f6a1b3d25398acd4e4e56e9510fee581f35f	True	True	True	0.0	none
normal	243	46a9789e6e8f6c0b6f2c1d589cc30e0d047cff38926ce3b6bb3e6ae0a9611349	06ba2f56dec183145a09c66f42856880946f7bfbd58bcac0c4b919b584576ae1	06ba2f56dec183145a09c66f42856880946f7bfbd58bcac0c4b919b584576ae1	False	True	True	0.00031515267777008926	[85, 67, 561, 79]
normal	244	aa0a35f4bad5957851f79b6fce917211f1144ab58d38da905a441e18d96528e5	aa0a35f4bad5957851f79b6fce917211f1144ab58d38da905a441e18d96528e5	aa0a35f4bad5957851f79b6fce917211f1144ab58d38da905a441e18d96528e5	True	True	True	0.0	none
normal	245	6e9ee501c6094fcdc7232dece52ecd26b02b787f7882dae1e3e73bcb41a70008	6e9ee501c6094fcdc7232dece52ecd26b02b787f7882dae1e3e73bcb41a70008	6e9ee501c6094fcdc7232dece52ecd26b02b787f7882dae1e3e73bcb41a70008	True	True	True	0.0	none
normal	246	a3a2f8f79023916712b2adbcbc2c92cec31c2acf0c6364da9d8ad9ca8dbe6e2e	a3a2f8f79023916712b2adbcbc2c92cec31c2acf0c6364da9d8ad9ca8dbe6e2e	a3a2f8f79023916712b2adbcbc2c92cec31c2acf0c6364da9d8ad9ca8dbe6e2e	True	True	True	0.0	none
normal	247	0818d460bbd6e0205642600769559d24cda9e8d94850f4f96443b8fb56ea87ab	f329328f055ab14fc6a8c34a5d02dc35ddb87fec070f72ba193309b98b0e361e	f329328f055ab14fc6a8c34a5d02dc35ddb87fec070f72ba193309b98b0e361e	False	True	True	0.00010619275011818225	[557, 719, 565, 762]
normal	248	473dce716e053281052ef5208c0e579d600c8ef7c320dda38757678c45d50469	70e38d66387653246306e72c36bdeb46bfd4f7eca4eece4b662d8d67c586f387	70e38d66387653246306e72c36bdeb46bfd4f7eca4eece4b662d8d67c586f387	False	True	True	0.007719527819074958	[61, 299, 581, 742]
normal	249	d78f8ac14b2bd9c288543a9739b02ada76b987b7648ab6ec03e04711216bddf7	46aaa9b6b874795dcf12fe7395b17b65851a530cfd576e5411525e422d3852da	46aaa9b6b874795dcf12fe7395b17b65851a530cfd576e5411525e422d3852da	False	True	True	0.0028295229547618886	[61, 356, 582, 761]
normal	250	7f5cb68a1f0a3c17b7083474883c7cb59c889aa774d31b9502ace50f72fab3a1	7f5cb68a1f0a3c17b7083474883c7cb59c889aa774d31b9502ace50f72fab3a1	7f5cb68a1f0a3c17b7083474883c7cb59c889aa774d31b9502ace50f72fab3a1	True	True	True	0.0	none
normal	251	e781c69660889408780ccd9c140726a9e47ff3700bfaef9f27c969e5862dfa36	e781c69660889408780ccd9c140726a9e47ff3700bfaef9f27c969e5862dfa36	e781c69660889408780ccd9c140726a9e47ff3700bfaef9f27c969e5862dfa36	True	True	True	0.0	none
normal	252	d3af974ef8465fe3dffd881e8c1ea80e6291336ab9170537b9259b7a431116dc	d3af974ef8465fe3dffd881e8c1ea80e6291336ab9170537b9259b7a431116dc	d3af974ef8465fe3dffd881e8c1ea80e6291336ab9170537b9259b7a431116dc	True	True	True	0.0	none
normal	253	a79a0da12d5e607d85ef29c53767ba57159dce0aea5e5e3bc811837b58414704	a79a0da12d5e607d85ef29c53767ba57159dce0aea5e5e3bc811837b58414704	a79a0da12d5e607d85ef29c53767ba57159dce0aea5e5e3bc811837b58414704	True	True	True	0.0	none
normal	254	2a7e9cbd1536b763574bbb3d4b9b37ba61049af653faae09376ecc820700cc0c	2a7e9cbd1536b763574bbb3d4b9b37ba61049af653faae09376ecc820700cc0c	2a7e9cbd1536b763574bbb3d4b9b37ba61049af653faae09376ecc820700cc0c	True	True	True	0.0	none
normal	255	c279014c064b39f435e8d7cd52a1243365eed6a98b2ba888af6df49fba7ab915	c279014c064b39f435e8d7cd52a1243365eed6a98b2ba888af6df49fba7ab915	c279014c064b39f435e8d7cd52a1243365eed6a98b2ba888af6df49fba7ab915	True	True	True	0.0	none
normal	256	c22a26bd907b9b9593c3ae735d3162d34a8cdcdcb27b9d8c7423e30f100e7c9d	8554ea0e825201792a287faef781fa811503773ca480d29a2e84aede089f4804	8554ea0e825201792a287faef781fa811503773ca480d29a2e84aede089f4804	False	True	True	0.0001490124074239009	[101, 617, 121, 625]
normal	257	4f9e969e37bad2f7bbd11bf402e645d9757f7feff126bf452f35a3195412e65b	4f9e969e37bad2f7bbd11bf402e645d9757f7feff126bf452f35a3195412e65b	4f9e969e37bad2f7bbd11bf402e645d9757f7feff126bf452f35a3195412e65b	True	True	True	0.0	none
normal	258	9a1815ac562747a7a5955a9d80bae12c4d858863af26d598ceb32d2bb1a7f24c	9a1815ac562747a7a5955a9d80bae12c4d858863af26d598ceb32d2bb1a7f24c	9a1815ac562747a7a5955a9d80bae12c4d858863af26d598ceb32d2bb1a7f24c	True	True	True	0.0	none
normal	259	5a6f61d6e0cacb1ad64028560fef6b0fedceb6802a1c76a923fa1e24f1a148c3	5a6f61d6e0cacb1ad64028560fef6b0fedceb6802a1c76a923fa1e24f1a148c3	5a6f61d6e0cacb1ad64028560fef6b0fedceb6802a1c76a923fa1e24f1a148c3	True	True	True	0.0	none
normal	260	11fe6d5d5af26cbc1100de42657ff591715ef69e01447aed45075e32a2a2ed92	11fe6d5d5af26cbc1100de42657ff591715ef69e01447aed45075e32a2a2ed92	11fe6d5d5af26cbc1100de42657ff591715ef69e01447aed45075e32a2a2ed92	True	True	True	0.0	none
normal	261	df6462af09a8e649ed115324ece869890a10d14a29e6c7474a703685e41aa8a1	df6462af09a8e649ed115324ece869890a10d14a29e6c7474a703685e41aa8a1	df6462af09a8e649ed115324ece869890a10d14a29e6c7474a703685e41aa8a1	True	True	True	0.0	none
normal	262	c9f607c832784847dafcf97b733c1413dd085d9c9346524b663aefc39629cd98	c9f607c832784847dafcf97b733c1413dd085d9c9346524b663aefc39629cd98	c9f607c832784847dafcf97b733c1413dd085d9c9346524b663aefc39629cd98	True	True	True	0.0	none
normal	263	eaec179a67b6cb3320761b2bcc3f8af517ee7b21c84e944ce1c19abf0241746a	eaec179a67b6cb3320761b2bcc3f8af517ee7b21c84e944ce1c19abf0241746a	eaec179a67b6cb3320761b2bcc3f8af517ee7b21c84e944ce1c19abf0241746a	True	True	True	0.0	none
normal	264	580423955139bf0660d7d3bf6f87774586510de62db74025bfee60e22cd17f8c	580423955139bf0660d7d3bf6f87774586510de62db74025bfee60e22cd17f8c	580423955139bf0660d7d3bf6f87774586510de62db74025bfee60e22cd17f8c	True	True	True	0.0	none
normal	265	5855b58c0561ba61d65934837e375bc60c795fa801e9094ff347ff915ff91d54	5855b58c0561ba61d65934837e375bc60c795fa801e9094ff347ff915ff91d54	5855b58c0561ba61d65934837e375bc60c795fa801e9094ff347ff915ff91d54	True	True	True	0.0	none
print	1	a727eabed31cdeb4e3dc68ba67fee22c02f0ea12ae1402d1f00033303ece0309	21ad62d4cec18ae29766dc4f3c44149d9f99a40c24516637aa0f1e0890e880a0	a727eabed31cdeb4e3dc68ba67fee22c02f0ea12ae1402d1f00033303ece0309	False	False	True	6.851145168914984e-06	[256, 321, 347, 435]
print	2	82cb8833d7046db8077c9bff8e7234e109292f9b34797dfc4d7f8ffe81699345	82cb8833d7046db8077c9bff8e7234e109292f9b34797dfc4d7f8ffe81699345	82cb8833d7046db8077c9bff8e7234e109292f9b34797dfc4d7f8ffe81699345	True	True	True	0.0	none
print	3	15ec4f428c2b69a37e24307245b9ce8cd8f69bb921923d47f9f36c6e28347407	15ec4f428c2b69a37e24307245b9ce8cd8f69bb921923d47f9f36c6e28347407	15ec4f428c2b69a37e24307245b9ce8cd8f69bb921923d47f9f36c6e28347407	True	True	True	0.0	none
print	4	79c719d51de1a13574f1394e658045ee032a3cf30ad37aa709d58d67b33a385e	79c719d51de1a13574f1394e658045ee032a3cf30ad37aa709d58d67b33a385e	79c719d51de1a13574f1394e658045ee032a3cf30ad37aa709d58d67b33a385e	True	True	True	0.0	none
print	5	501c06f8feb7707b03cf07cd54e3e19d5b68c8ab452f79b716233fc24ea9440e	501c06f8feb7707b03cf07cd54e3e19d5b68c8ab452f79b716233fc24ea9440e	501c06f8feb7707b03cf07cd54e3e19d5b68c8ab452f79b716233fc24ea9440e	True	True	True	0.0	none
print	6	679c9d2b68d314495ad280afa02567bce7d50d4fd80f1efa79aef2242af2b5a9	679c9d2b68d314495ad280afa02567bce7d50d4fd80f1efa79aef2242af2b5a9	679c9d2b68d314495ad280afa02567bce7d50d4fd80f1efa79aef2242af2b5a9	True	True	True	0.0	none
print	7	67d5c8936b1f1f8d475193b61b497bce251245389c9b9d47485920bc48399c81	67d5c8936b1f1f8d475193b61b497bce251245389c9b9d47485920bc48399c81	67d5c8936b1f1f8d475193b61b497bce251245389c9b9d47485920bc48399c81	True	True	True	0.0	none
print	8	3f53cfe5127babcaea7aaf1b17740546dce02aaf2c37494cac91884bbffa7430	3f53cfe5127babcaea7aaf1b17740546dce02aaf2c37494cac91884bbffa7430	3f53cfe5127babcaea7aaf1b17740546dce02aaf2c37494cac91884bbffa7430	True	True	True	0.0	none
print	9	e5ad3faf55d65ff4592e3b83aafbf34bfd663fa1d887f1a09a770ff5f2b485e9	9ff93f8fa38e0fb1e4936ace79dfa7bec261d45c66749917291373861cbc8604	9ff93f8fa38e0fb1e4936ace79dfa7bec261d45c66749917291373861cbc8604	False	True	True	0.0002603435164187694	[85, 67, 561, 79]
print	10	dea67cb51b2d06834bd9f34cc88cae8d06056e049edad9ffd3a75543fa4c723a	dea67cb51b2d06834bd9f34cc88cae8d06056e049edad9ffd3a75543fa4c723a	dea67cb51b2d06834bd9f34cc88cae8d06056e049edad9ffd3a75543fa4c723a	True	True	True	0.0	none
print	11	27aded33bacd5b976062e9dc0c4cd32df91932e59b91c286524ae393e6ccc14d	27aded33bacd5b976062e9dc0c4cd32df91932e59b91c286524ae393e6ccc14d	27aded33bacd5b976062e9dc0c4cd32df91932e59b91c286524ae393e6ccc14d	True	True	True	0.0	none
print	12	4d6be0e5a54f8813bfbd15f153160c20d9c79eb5f640d013530c07ff49b5baf9	4d6be0e5a54f8813bfbd15f153160c20d9c79eb5f640d013530c07ff49b5baf9	4d6be0e5a54f8813bfbd15f153160c20d9c79eb5f640d013530c07ff49b5baf9	True	True	True	0.0	none
print	13	de25d882e823f79bd7bb6716b2052bf567065d37173e7131c948741a4a47b852	de25d882e823f79bd7bb6716b2052bf567065d37173e7131c948741a4a47b852	de25d882e823f79bd7bb6716b2052bf567065d37173e7131c948741a4a47b852	True	True	True	0.0	none
print	14	9a1538d4255144df52c2bdfb61b649f0c3d74e63195077ab9f38d5109c34571c	9a1538d4255144df52c2bdfb61b649f0c3d74e63195077ab9f38d5109c34571c	9a1538d4255144df52c2bdfb61b649f0c3d74e63195077ab9f38d5109c34571c	True	True	True	0.0	none
print	15	4f954410fcfd9eb91b57cee77139f5011dafb871a30e2675c2c2e972f3467f96	4f954410fcfd9eb91b57cee77139f5011dafb871a30e2675c2c2e972f3467f96	4f954410fcfd9eb91b57cee77139f5011dafb871a30e2675c2c2e972f3467f96	True	True	True	0.0	none
print	16	ffbdae03223f31d77875f76ad3deca948c1f4c0d38badc9968aa60b15f307fa6	ae5d989abe7e56ce9a96c708b1f627095571b0bd3d04982bed41b76af9576a4c	ae5d989abe7e56ce9a96c708b1f627095571b0bd3d04982bed41b76af9576a4c	False	True	True	0.0006834017305992697	[401, 666, 451, 743]
print	17	ef7e75a79d0979370c6010d5fc96ddfcc46bb95fa409a983772fb9dcb4da0128	ef7e75a79d0979370c6010d5fc96ddfcc46bb95fa409a983772fb9dcb4da0128	ef7e75a79d0979370c6010d5fc96ddfcc46bb95fa409a983772fb9dcb4da0128	True	True	True	0.0	none
print	18	f11e410e02b7345f28103510457005eb07e907ecba8ef73f1f8703076245ede9	f11e410e02b7345f28103510457005eb07e907ecba8ef73f1f8703076245ede9	f11e410e02b7345f28103510457005eb07e907ecba8ef73f1f8703076245ede9	True	True	True	0.0	none
print	19	9be2ae27acb18d528ab9ef6722c43a9757a31a6e01336ea6b92cff8e7b952fb4	9be2ae27acb18d528ab9ef6722c43a9757a31a6e01336ea6b92cff8e7b952fb4	9be2ae27acb18d528ab9ef6722c43a9757a31a6e01336ea6b92cff8e7b952fb4	True	True	True	0.0	none
print	20	047fdabf34009486cc0c44f85471b4e51f5c6ee1a79780d04128be6467afcd2f	8cdbf1e336cb0bca6b2b5822ec8d3ee9b82c0eba0832b4d8558271f917edd411	8cdbf1e336cb0bca6b2b5822ec8d3ee9b82c0eba0832b4d8558271f917edd411	False	True	True	0.0002603435164187694	[85, 67, 561, 79]
print	21	2d472130178fdf5c2727d219728492e48daf5dbb1af0c9ca7e17e5576a49b055	2d472130178fdf5c2727d219728492e48daf5dbb1af0c9ca7e17e5576a49b055	2d472130178fdf5c2727d219728492e48daf5dbb1af0c9ca7e17e5576a49b055	True	True	True	0.0	none
print	22	23facc794afefc68906ef7fd0bd088ef3f8590ec92d3f4ce0f88ea93ffc63e5e	16ed98ab442c3eee28c5d4c4d4c7d7bfcbc08b2f5ab2675d531313e004faab31	16ed98ab442c3eee28c5d4c4d4c7d7bfcbc08b2f5ab2675d531313e004faab31	False	True	True	0.0006285925692479498	[509, 512, 568, 672]
print	23	9aea0878d9c9eefee6f27a55ca464071c85091d2bd9af1270b8dc0a9674985ec	9aea0878d9c9eefee6f27a55ca464071c85091d2bd9af1270b8dc0a9674985ec	9aea0878d9c9eefee6f27a55ca464071c85091d2bd9af1270b8dc0a9674985ec	True	True	True	0.0	none
print	24	6aab7075de03ed23d9cfa364b06a4b0ac82edb3980d885ac826e9937e2e9630c	e04f8a474fed4a5f78400022b1827b5bf75ea732e65af1bbc6d266c79aadb6d3	e04f8a474fed4a5f78400022b1827b5bf75ea732e65af1bbc6d266c79aadb6d3	False	True	True	2.0553435506744953e-05	[538, 179, 541, 184]
print	25	29aa3f06fe1c6bfd139175d47c44e81a87f57d5e9fd5041422176e1d55c8f240	5d646d183ebd203054167d4bbce2a0cd3f315f65ed486d2eaecca14ab0279552	5d646d183ebd203054167d4bbce2a0cd3f315f65ed486d2eaecca14ab0279552	False	True	True	0.00020210878248299203	[195, 500, 212, 510]
print	26	fbf9676dbfa2096955d68e64c3647601881caaf5be497180dbd5d902b6faa9d2	9a41c01aa7ce94a5027e57df52114dd497a6cfb47a501a4d4ac84ad10a24142f	9a41c01aa7ce94a5027e57df52114dd497a6cfb47a501a4d4ac84ad10a24142f	False	True	True	0.00045217558114838893	[76, 166, 567, 178]
print	27	9fb6f2fd1d053599f085adb7aefd2f430fe77b5db59f74a3b7e64481e9a4643d	276845a52f687e7f51a1cfe61034d9405ccd3b07bf6b1d2f2e67e1d21dccb76a	276845a52f687e7f51a1cfe61034d9405ccd3b07bf6b1d2f2e67e1d21dccb76a	False	True	True	0.002906598337912182	[77, 135, 566, 617]
print	28	c44d4eb8ab0ab0a21de8642eb926fb131186a1789ff0d976cf74d0653074355a	c44d4eb8ab0ab0a21de8642eb926fb131186a1789ff0d976cf74d0653074355a	c44d4eb8ab0ab0a21de8642eb926fb131186a1789ff0d976cf74d0653074355a	True	True	True	0.0	none
print	29	654c40dd162655e33d50e6df740f6046fde631e27ead6b527a73f030bb934368	654c40dd162655e33d50e6df740f6046fde631e27ead6b527a73f030bb934368	654c40dd162655e33d50e6df740f6046fde631e27ead6b527a73f030bb934368	True	True	True	0.0	none
print	30	3590ebd829f4746d0a57262cf54440114380ee7e24b0cceb157be827567fe1ee	3590ebd829f4746d0a57262cf54440114380ee7e24b0cceb157be827567fe1ee	3590ebd829f4746d0a57262cf54440114380ee7e24b0cceb157be827567fe1ee	True	True	True	0.0	none
print	31	960eeaec523885756f3314dbf172759339c89dc69f6475d6420507b2bcc72599	04dcc7698e42ce09a12f59f770c91693d1b4eed3a87720bc6fd8a9243a3855e5	04dcc7698e42ce09a12f59f770c91693d1b4eed3a87720bc6fd8a9243a3855e5	False	True	True	0.0018806393488671632	[62, 626, 581, 705]
print	32	ab6b8bbf9357e38c48c3a37a7a5d679cabd4003f96e7ef7774698eaccd4d6cb9	5b49b4c0fff39a8ec9f7ec67e5e7fd759e3226ee36f3f35e2f96fad78556387f	5b49b4c0fff39a8ec9f7ec67e5e7fd759e3226ee36f3f35e2f96fad78556387f	False	True	True	2.5691794383431192e-05	[61, 761, 581, 769]
print	33	ddf1982ed3425dbd2d058fb4d59ecdc745a1681a93f672c0240173b11e9e437c	0b1f84fde707d6b57a3a72fb8ac9563d147d8f43b348a8fdb55127c33b165eee	0b1f84fde707d6b57a3a72fb8ac9563d147d8f43b348a8fdb55127c33b165eee	False	True	True	0.0009505963921869541	[487, 615, 582, 631]
print	34	d26696ae94bfb64112f270f0fef82a2adaf1b7b2cd7f38c06a251f8d8f02aa80	339e4049aac024ec21b73fedf21ce4a4395c3fb70131739d4a8d24c061430d0a	339e4049aac024ec21b73fedf21ce4a4395c3fb70131739d4a8d24c061430d0a	False	True	True	0.0004350477182261015	[520, 388, 568, 714]
print	35	2f0565b67c23ba2aebca26cec6604bf6a96d4efe1ca3373b7013eedb2dcbf22c	1469924f481ae36b69ae133d2021f3cff0a4682b2b56a3c08f2382986b71e4a0	1469924f481ae36b69ae133d2021f3cff0a4682b2b56a3c08f2382986b71e4a0	False	True	True	0.010276717753372477	[61, 452, 581, 650]
print	36	8872020bb72776c8070a1f48fed406220f3067fc9c94b3e3e5b8c50555c341ab	5d2e6f2a7b52476ab9279c123b835f75824749a2496a7128b86417311227259e	5d2e6f2a7b52476ab9279c123b835f75824749a2496a7128b86417311227259e	False	True	True	4.9670802474633636e-05	[61, 587, 581, 685]
print	37	bbe26e0b829139c2d7c1d4812eed24d4f6cc06a299a0571073872fd85ef93e2f	bbe26e0b829139c2d7c1d4812eed24d4f6cc06a299a0571073872fd85ef93e2f	bbe26e0b829139c2d7c1d4812eed24d4f6cc06a299a0571073872fd85ef93e2f	True	True	True	0.0	none
print	38	1442c0360dc2fb3526355bc91aa2660041a5253563da1f21718436ea05d61180	1442c0360dc2fb3526355bc91aa2660041a5253563da1f21718436ea05d61180	1442c0360dc2fb3526355bc91aa2660041a5253563da1f21718436ea05d61180	True	True	True	0.0	none
print	39	c3b969c262562bc1e13eded6e615d2b815994177bcf781397c9b3362c6282af0	76ee836c97e06fa9559c19ba9832a0c3b435e2be81be5957fc42ee505303876f	76ee836c97e06fa9559c19ba9832a0c3b435e2be81be5957fc42ee505303876f	False	True	True	0.0002603435164187694	[85, 67, 561, 79]
print	40	ea3f79bb969c9094b8e98c6f692668896399cdc4162346222ed7508cce7f56b9	819a76d64ece3b5eafd632c4136a74877c86b30e46f3157747bf23b35c5fcac8	819a76d64ece3b5eafd632c4136a74877c86b30e46f3157747bf23b35c5fcac8	False	True	True	0.0002603435164187694	[466, 396, 488, 407]
print	41	d80ba46f6217b630e645759123d9e407920595c7ea6ddca50a0b7a094c84ae17	d80ba46f6217b630e645759123d9e407920595c7ea6ddca50a0b7a094c84ae17	d80ba46f6217b630e645759123d9e407920595c7ea6ddca50a0b7a094c84ae17	True	True	True	0.0	none
print	42	8e3a9f61d3876ea82b1b3f2d4b90ea5caf2319ccb9605f855272d849c79b65f6	8e3a9f61d3876ea82b1b3f2d4b90ea5caf2319ccb9605f855272d849c79b65f6	8e3a9f61d3876ea82b1b3f2d4b90ea5caf2319ccb9605f855272d849c79b65f6	True	True	True	0.0	none
print	43	241c1c7e3f2997b35a81dcb2d4914c18272e4a6c9691d2c847b628d17e70c662	241c1c7e3f2997b35a81dcb2d4914c18272e4a6c9691d2c847b628d17e70c662	241c1c7e3f2997b35a81dcb2d4914c18272e4a6c9691d2c847b628d17e70c662	True	True	True	0.0	none
print	44	4137bdce20498673e66f04ea0fd1a67f7c445333ecc3e04a8792a87bc4a35443	4137bdce20498673e66f04ea0fd1a67f7c445333ecc3e04a8792a87bc4a35443	4137bdce20498673e66f04ea0fd1a67f7c445333ecc3e04a8792a87bc4a35443	True	True	True	0.0	none
print	45	4dbcce871422944af544c3d210b85c48b6909378d6bb5a83a0020da4b502b007	4dbcce871422944af544c3d210b85c48b6909378d6bb5a83a0020da4b502b007	4dbcce871422944af544c3d210b85c48b6909378d6bb5a83a0020da4b502b007	True	True	True	0.0	none
print	46	15d994326767d4b4ce5503f5ad7745bd9570e57feec290b3d937457a19f9b1b6	1e769ccfd12f197f14a60c1ea173ea90cc695023617070eb3985e2a3788c327f	1e769ccfd12f197f14a60c1ea173ea90cc695023617070eb3985e2a3788c327f	False	True	True	0.00040079199238152657	[374, 138, 516, 608]
print	47	d6780e650ba095256bfbea127a76784ffb7dd6a8696d2a9fe70133937d3c0c78	d6780e650ba095256bfbea127a76784ffb7dd6a8696d2a9fe70133937d3c0c78	d6780e650ba095256bfbea127a76784ffb7dd6a8696d2a9fe70133937d3c0c78	True	True	True	0.0	none
print	48	b665cf70d6744f38d8759a28d3344b3d7569d5a64200604797a86d84ab8c5acc	b665cf70d6744f38d8759a28d3344b3d7569d5a64200604797a86d84ab8c5acc	b665cf70d6744f38d8759a28d3344b3d7569d5a64200604797a86d84ab8c5acc	True	True	True	0.0	none
print	49	54d4741860a65f9a3dd2cb45d44dd815af34516161bfad9cf14b4f82d6bce796	54d4741860a65f9a3dd2cb45d44dd815af34516161bfad9cf14b4f82d6bce796	54d4741860a65f9a3dd2cb45d44dd815af34516161bfad9cf14b4f82d6bce796	True	True	True	0.0	none
print	50	1a5bf9e57321551414562f12413585b98a221f50a1879ce563047ccdfec87821	a37095d4b4bc043b034ad2337799af1d57b7cd68db7972ce2db12c219322d2fe	a37095d4b4bc043b034ad2337799af1d57b7cd68db7972ce2db12c219322d2fe	False	True	True	0.00021752385911305076	[317, 284, 337, 294]
print	51	b9b4fa753f81c36a944ea0bead4f3f335c45efb51d7e8cb9e35dd1f8c493e61e	b9b4fa753f81c36a944ea0bead4f3f335c45efb51d7e8cb9e35dd1f8c493e61e	b9b4fa753f81c36a944ea0bead4f3f335c45efb51d7e8cb9e35dd1f8c493e61e	True	True	True	0.0	none
print	52	8856be1672c4501e052b2a99adc115ab73493029a2f481fb480b61dec90e04ac	8856be1672c4501e052b2a99adc115ab73493029a2f481fb480b61dec90e04ac	8856be1672c4501e052b2a99adc115ab73493029a2f481fb480b61dec90e04ac	True	True	True	0.0	none
print	53	0250d9707035eb7425ee7b502239c7e04418b56f17b216facd35156b613aec7f	0250d9707035eb7425ee7b502239c7e04418b56f17b216facd35156b613aec7f	0250d9707035eb7425ee7b502239c7e04418b56f17b216facd35156b613aec7f	True	True	True	0.0	none
print	54	0f428eaf15fc69c027c6acdd8102e33e62159c08b5c481856e6b5fafe674b0ac	0f428eaf15fc69c027c6acdd8102e33e62159c08b5c481856e6b5fafe674b0ac	0f428eaf15fc69c027c6acdd8102e33e62159c08b5c481856e6b5fafe674b0ac	True	True	True	0.0	none
print	55	28fcd83f75b0adde5a824e1ac9d2ce3946bcde2d28e8da46728ac4cb13714a6f	28fcd83f75b0adde5a824e1ac9d2ce3946bcde2d28e8da46728ac4cb13714a6f	28fcd83f75b0adde5a824e1ac9d2ce3946bcde2d28e8da46728ac4cb13714a6f	True	True	True	0.0	none
print	56	b86d6b633cbece804e12ec607a7a24af8fb09329e1e4adca6dfad5f509991277	b86d6b633cbece804e12ec607a7a24af8fb09329e1e4adca6dfad5f509991277	b86d6b633cbece804e12ec607a7a24af8fb09329e1e4adca6dfad5f509991277	True	True	True	0.0	none
print	57	1e0160f563720980a6d9ece5f5324ca25ee2583dc01d08396b1aefdf38084def	1e0160f563720980a6d9ece5f5324ca25ee2583dc01d08396b1aefdf38084def	1e0160f563720980a6d9ece5f5324ca25ee2583dc01d08396b1aefdf38084def	True	True	True	0.0	none
print	58	7ff6b2f150ee89d1ab0d4118eb7ab8ce61ad62bb87fe218a76527f09bd7a6fde	770a58dbaa735624348cf119ba3827d4eaa3344c14f60a5ed7d87108a8608139	770a58dbaa735624348cf119ba3827d4eaa3344c14f60a5ed7d87108a8608139	False	True	True	0.0003682490528291804	[61, 295, 582, 673]
print	59	3f5107f70d6119bf6bcbd4777d1cb2cf8717500c146c2dfce91bfccaa0f0bc36	3f5107f70d6119bf6bcbd4777d1cb2cf8717500c146c2dfce91bfccaa0f0bc36	3f5107f70d6119bf6bcbd4777d1cb2cf8717500c146c2dfce91bfccaa0f0bc36	True	True	True	0.0	none
print	60	aa663fe15e5fad60f89c9c1453bb878358be7c525035d253ea5be8fd257f2b4f	aa663fe15e5fad60f89c9c1453bb878358be7c525035d253ea5be8fd257f2b4f	aa663fe15e5fad60f89c9c1453bb878358be7c525035d253ea5be8fd257f2b4f	True	True	True	0.0	none
print	61	534175ae9656f4fe91ad9205f0d2ebd3795f603b4f6f1a259f6221f4fa4b297e	534175ae9656f4fe91ad9205f0d2ebd3795f603b4f6f1a259f6221f4fa4b297e	534175ae9656f4fe91ad9205f0d2ebd3795f603b4f6f1a259f6221f4fa4b297e	True	True	True	0.0	none
print	62	cfda663d013f5973a68e2e910fc968f2ed8b048847214000d46c07778110ab11	cfda663d013f5973a68e2e910fc968f2ed8b048847214000d46c07778110ab11	cfda663d013f5973a68e2e910fc968f2ed8b048847214000d46c07778110ab11	True	True	True	0.0	none
print	63	997bd8da16e6b06322a03d80f6697db9a23db68241e7cdcdee95a05b46c2f58b	997bd8da16e6b06322a03d80f6697db9a23db68241e7cdcdee95a05b46c2f58b	997bd8da16e6b06322a03d80f6697db9a23db68241e7cdcdee95a05b46c2f58b	True	True	True	0.0	none
print	64	82b96daf310dea82d1a623d7909642697b5a98e604d416d634ca634efb6ce158	82b96daf310dea82d1a623d7909642697b5a98e604d416d634ca634efb6ce158	82b96daf310dea82d1a623d7909642697b5a98e604d416d634ca634efb6ce158	True	True	True	0.0	none
print	65	031751aa93bba5b65671d0796c7fef414a80edf7b8dc99222ee0d422bd0d0b78	12924ad4b98c0b11ab3df506c1e1bddf373b44b2301d7f81ec1747800201a7e8	12924ad4b98c0b11ab3df506c1e1bddf373b44b2301d7f81ec1747800201a7e8	False	True	True	0.0003870897020436966	[229, 587, 505, 629]
print	66	c2c1a05c60691dc64dc3ddd96fe6983ed0385ebb4241118e768fec81cea41032	c2c1a05c60691dc64dc3ddd96fe6983ed0385ebb4241118e768fec81cea41032	c2c1a05c60691dc64dc3ddd96fe6983ed0385ebb4241118e768fec81cea41032	True	True	True	0.0	none
print	67	6bcf1b1c9a8ad00a30769668b9e67a082c1e01c8d591503044f7fe7e3391fa4c	6bcf1b1c9a8ad00a30769668b9e67a082c1e01c8d591503044f7fe7e3391fa4c	6bcf1b1c9a8ad00a30769668b9e67a082c1e01c8d591503044f7fe7e3391fa4c	True	True	True	0.0	none
print	68	f1542cfe158cd3f4c8809fd142f05ee5586e03e116cd764f793ee42a1956d32b	f1542cfe158cd3f4c8809fd142f05ee5586e03e116cd764f793ee42a1956d32b	f1542cfe158cd3f4c8809fd142f05ee5586e03e116cd764f793ee42a1956d32b	True	True	True	0.0	none
print	69	1661fd0d7f920939aaeef38ec67976db22458dc4a4b7194da4d2efeda4df46ac	1661fd0d7f920939aaeef38ec67976db22458dc4a4b7194da4d2efeda4df46ac	1661fd0d7f920939aaeef38ec67976db22458dc4a4b7194da4d2efeda4df46ac	True	True	True	0.0	none
print	70	7cac1809620de4d8e48f9fd2b7357295ab1e3e4a8ba2d4914e92e06850178e23	7cac1809620de4d8e48f9fd2b7357295ab1e3e4a8ba2d4914e92e06850178e23	7cac1809620de4d8e48f9fd2b7357295ab1e3e4a8ba2d4914e92e06850178e23	True	True	True	0.0	none
print	71	1e5d6c055404cf337fc203673d5f81b9fdc0d048c4c32b8f267614d5405e92b4	1e5d6c055404cf337fc203673d5f81b9fdc0d048c4c32b8f267614d5405e92b4	1e5d6c055404cf337fc203673d5f81b9fdc0d048c4c32b8f267614d5405e92b4	True	True	True	0.0	none
print	72	0fdacc49820ec69160aec27b89f99f123bd228e0d2f1c20e4c92755ebc7aa1a9	0fdacc49820ec69160aec27b89f99f123bd228e0d2f1c20e4c92755ebc7aa1a9	0fdacc49820ec69160aec27b89f99f123bd228e0d2f1c20e4c92755ebc7aa1a9	True	True	True	0.0	none
print	73	6e6eeae073a71e89dd5209ea135b6dc52f753a067f7ceffc6da8e109435e3769	143a87b11c99e6cc51d99a1f7649f09ac966adeef947ad6034b432233382dc1b	143a87b11c99e6cc51d99a1f7649f09ac966adeef947ad6034b432233382dc1b	False	True	True	0.0002603435164187694	[85, 67, 561, 79]
print	74	6e3eab79e147d0a3a046edbc50c7303a651b01152906594ae31e26119ba4b76d	cff4908be47b1765677e6b0d38ad247f0315e5b55d9247bdf956a8225ad3b0f7	cff4908be47b1765677e6b0d38ad247f0315e5b55d9247bdf956a8225ad3b0f7	False	True	True	0.0001490124074239009	[61, 752, 581, 784]
print	75	9c8e1999313582ea9d94de3dee7eee760d69f1a4ed2a214d479a44f6f16a7504	6a26a490894126f04f31102b1a837b016ab3660c6fa80d03c4be7e2d0e914411	6a26a490894126f04f31102b1a837b016ab3660c6fa80d03c4be7e2d0e914411	False	True	True	0.004422414206534622	[61, 574, 582, 725]
print	76	39b5ecb9133cc511138797a98f510da1032bf3c029940cd06989ea6bf2ed071f	369298df3b7616d77839e0aaa0b68d117ba00a708895ec173e8070b45e9d819e	369298df3b7616d77839e0aaa0b68d117ba00a708895ec173e8070b45e9d819e	False	True	True	0.003142962846239749	[62, 508, 581, 715]
print	77	71ac9f603288258dec1dcd27bc56306f6fe0924bbe10385a75cd20f92bb4444a	71ac9f603288258dec1dcd27bc56306f6fe0924bbe10385a75cd20f92bb4444a	71ac9f603288258dec1dcd27bc56306f6fe0924bbe10385a75cd20f92bb4444a	True	True	True	0.0	none
print	78	b8427fa863fe53e4779695afcb4849ddca10dfa6247699155dbf9670f1e15bdc	b8427fa863fe53e4779695afcb4849ddca10dfa6247699155dbf9670f1e15bdc	b8427fa863fe53e4779695afcb4849ddca10dfa6247699155dbf9670f1e15bdc	True	True	True	0.0	none
print	79	1cf7d8d9792e753fa27c02526380ec57fc395cab43e1d199ae3700f79b02e9e9	0a8dacc24a79d20779635bd8bc120720ff2cee700b2ddd090deb7ffd8a8b71ae	0a8dacc24a79d20779635bd8bc120720ff2cee700b2ddd090deb7ffd8a8b71ae	False	True	True	3.939408472126116e-05	[577, 511, 584, 523]
print	80	4b16d594041fffc48c7410ec68ad3864d7b444ed807d5ad1ec6765f940ec8fe3	3b30bb6bf4b3f5693266042ffaf620b40924222ad51563274454f40394a66a99	3b30bb6bf4b3f5693266042ffaf620b40924222ad51563274454f40394a66a99	False	True	True	0.0027935544426250848	[266, 514, 557, 532]
print	81	6e690488af277c3bfe3dc064027332e4a1f612c39ed739af4315919fc5bcf878	6e690488af277c3bfe3dc064027332e4a1f612c39ed739af4315919fc5bcf878	6e690488af277c3bfe3dc064027332e4a1f612c39ed739af4315919fc5bcf878	True	True	True	0.0	none
print	82	0146bc53d721603c31c0e59bdca32c73a1f9142cad89423452345f01ba48f85d	1db1ac42b5a5e7f6267322f91855b37e1ed46215b5f2176618bfe2cacb07e134	1db1ac42b5a5e7f6267322f91855b37e1ed46215b5f2176618bfe2cacb07e134	False	True	True	0.0003613979076602654	[61, 794, 582, 813]
print	83	23fff28c151bf3dde195e29b9db04193d77b06bfa015875058b1a8d4835c6f30	6de4861a762fa6105f172fd6b1cb7f346c170cb7a44cda641df67138cc72163a	6de4861a762fa6105f172fd6b1cb7f346c170cb7a44cda641df67138cc72163a	False	True	True	0.12146737827227821	[60, 74, 584, 812]
print	84	0e568bac993f3c9b91d454bff3185c5eedc45673e3107fb8f38722e03b34fb8d	236e51cd860831b8904ea9a6385e49e74553bcb5645fa4c48863c06041bcf556	236e51cd860831b8904ea9a6385e49e74553bcb5645fa4c48863c06041bcf556	False	True	True	0.007609909496372319	[61, 318, 582, 824]
print	85	667a2057a2992eed1ae27fbe88cb60f6e95d7b3a19a5d369a008aac3dbfc2164	af2f39e30f773adf0072b5987c1fc75444173609311412a2e9fda9fbb1d44f4c	af2f39e30f773adf0072b5987c1fc75444173609311412a2e9fda9fbb1d44f4c	False	True	True	0.09915491124341434	[60, 72, 582, 786]
print	86	60b88c7a546cd5e4e59efcce5869b3893670e0a4e5392e66a757a5071cbccff6	edf4514bddd42d20c6a532cc4f303dee14c522f076e57a80205b977a43405679	edf4514bddd42d20c6a532cc4f303dee14c522f076e57a80205b977a43405679	False	True	True	0.11530477319283919	[60, 72, 582, 819]
print	87	10e7c973cee32c57db730a81231ecc24278e4ef30c1845dfeadcf8701664f192	5005aaba43c2b4b0238389e7ed0b0c414ab2d0fbf25e7f57660ac494eac828c6	5005aaba43c2b4b0238389e7ed0b0c414ab2d0fbf25e7f57660ac494eac828c6	False	True	True	0.10469577489877432	[59, 76, 584, 825]
print	88	2b4bb3725a64980cdb4cb1db3f12fa732efba5ee29fc08c35b8e5f5e7c4ca0a0	faf74534ba8ab9685ab7552846b3f5faaef93df8bc0e7fd550466ced5572d693	faf74534ba8ab9685ab7552846b3f5faaef93df8bc0e7fd550466ced5572d693	False	True	True	0.043670912092956336	[60, 77, 582, 334]
print	89	9997637921ee80c88a898c96e87e3b0e133f67eba6be2c8fa7b210819928e72a	00f648a542c53297a061e9e263629c62a33228659232342e60affe2bc690ec55	00f648a542c53297a061e9e263629c62a33228659232342e60affe2bc690ec55	False	True	True	0.0002603435164187694	[85, 67, 561, 79]
print	90	8fc1018dd07dde7926cc2e49231365f71cbfe7c4a3d33fd079e3738234efd28d	8fc1018dd07dde7926cc2e49231365f71cbfe7c4a3d33fd079e3738234efd28d	8fc1018dd07dde7926cc2e49231365f71cbfe7c4a3d33fd079e3738234efd28d	True	True	True	0.0	none
print	91	d126e731af14396d65364e966de3f20318ece3503d10b39fc50f90674bb47120	d126e731af14396d65364e966de3f20318ece3503d10b39fc50f90674bb47120	d126e731af14396d65364e966de3f20318ece3503d10b39fc50f90674bb47120	True	True	True	0.0	none
print	92	f6a3c3722f4d91e738aa25d80b7c8b66dc23fa9646d5bae895257c172ecb8fc3	f6a3c3722f4d91e738aa25d80b7c8b66dc23fa9646d5bae895257c172ecb8fc3	f6a3c3722f4d91e738aa25d80b7c8b66dc23fa9646d5bae895257c172ecb8fc3	True	True	True	0.0	none
print	93	5fd01302ff7f229dce29ced793736c894b6b3aac2c7b2a1ac581d7d3899bfb54	5fd01302ff7f229dce29ced793736c894b6b3aac2c7b2a1ac581d7d3899bfb54	5fd01302ff7f229dce29ced793736c894b6b3aac2c7b2a1ac581d7d3899bfb54	True	True	True	0.0	none
print	94	fbb4ecbda49a6cfa308c8fd463ae28668452eaddc806c8363b132a9f34408f77	fbb4ecbda49a6cfa308c8fd463ae28668452eaddc806c8363b132a9f34408f77	fbb4ecbda49a6cfa308c8fd463ae28668452eaddc806c8363b132a9f34408f77	True	True	True	0.0	none
print	95	a0f98898221b9d16f06399c8cdfa1b85cd9fdde67bd9d75a8a7eaf8a15151647	a0f98898221b9d16f06399c8cdfa1b85cd9fdde67bd9d75a8a7eaf8a15151647	a0f98898221b9d16f06399c8cdfa1b85cd9fdde67bd9d75a8a7eaf8a15151647	True	True	True	0.0	none
print	96	a7f004cddc514309cb52ddb2871528760d52dd9d72981729e60eb74d4160acce	a7f004cddc514309cb52ddb2871528760d52dd9d72981729e60eb74d4160acce	a7f004cddc514309cb52ddb2871528760d52dd9d72981729e60eb74d4160acce	True	True	True	0.0	none
print	97	1b84b6a2e65b8cdbd34d00f89473e35d0513040b6aa97cdd6e223b9dd5b155a2	1b84b6a2e65b8cdbd34d00f89473e35d0513040b6aa97cdd6e223b9dd5b155a2	1b84b6a2e65b8cdbd34d00f89473e35d0513040b6aa97cdd6e223b9dd5b155a2	True	True	True	0.0	none
print	98	d19da2a27f94570cf5e890a5e096e7a502de82695295d6eeb5bd62ad64c51c99	d19da2a27f94570cf5e890a5e096e7a502de82695295d6eeb5bd62ad64c51c99	d19da2a27f94570cf5e890a5e096e7a502de82695295d6eeb5bd62ad64c51c99	True	True	True	0.0	none
print	99	0bba1667bd0c0700710b07e7652277afa54148c19af916fac6b98fcb7d2ff349	0bba1667bd0c0700710b07e7652277afa54148c19af916fac6b98fcb7d2ff349	0bba1667bd0c0700710b07e7652277afa54148c19af916fac6b98fcb7d2ff349	True	True	True	0.0	none
print	100	48d0d02b2a89ee7f8db9d9c1e2cb08304a3aa253a7aacdd37690c3e4ac2667a0	48d0d02b2a89ee7f8db9d9c1e2cb08304a3aa253a7aacdd37690c3e4ac2667a0	48d0d02b2a89ee7f8db9d9c1e2cb08304a3aa253a7aacdd37690c3e4ac2667a0	True	True	True	0.0	none
print	101	4c65579eb830058de0c00f79bcad003dd1c8c20244e5b9b741c1a5e2804b981e	4c65579eb830058de0c00f79bcad003dd1c8c20244e5b9b741c1a5e2804b981e	4c65579eb830058de0c00f79bcad003dd1c8c20244e5b9b741c1a5e2804b981e	True	True	True	0.0	none
print	102	093afaba7fb11a183eb24cdbdf96cbf51c2ea0afa193d03ac3e565cbe26d5dc7	093afaba7fb11a183eb24cdbdf96cbf51c2ea0afa193d03ac3e565cbe26d5dc7	093afaba7fb11a183eb24cdbdf96cbf51c2ea0afa193d03ac3e565cbe26d5dc7	True	True	True	0.0	none
print	103	7774d1efd8ce8a816c0dd7622e00454239de971307f14ecf2ae181a45c62de59	7774d1efd8ce8a816c0dd7622e00454239de971307f14ecf2ae181a45c62de59	7774d1efd8ce8a816c0dd7622e00454239de971307f14ecf2ae181a45c62de59	True	True	True	0.0	none
print	104	4e519a9077e9947e5ba1be31362614735a556d6746e0900b5b669a4ddcea53c4	6483b23d95572b6b3af759a2944bfffb9756b64255d594d75226fe6cdb3bf3c9	6483b23d95572b6b3af759a2944bfffb9756b64255d594d75226fe6cdb3bf3c9	False	True	True	1.1989504045601222e-05	[576, 677, 582, 682]
print	105	cb7b574cb992cd919f7a938a7f19769233ca2909848df6f37f5223c79b024e36	cb7b574cb992cd919f7a938a7f19769233ca2909848df6f37f5223c79b024e36	cb7b574cb992cd919f7a938a7f19769233ca2909848df6f37f5223c79b024e36	True	True	True	0.0	none
print	106	4002c4b5436a0431ae47075d6ff2ec8879041d54cf58e366d366ce3bd91c7dce	4002c4b5436a0431ae47075d6ff2ec8879041d54cf58e366d366ce3bd91c7dce	4002c4b5436a0431ae47075d6ff2ec8879041d54cf58e366d366ce3bd91c7dce	True	True	True	0.0	none
print	107	769293c7c8767289f6277661e63a15852e3b06be1e2b91484dd1b8f91b5a04a5	769293c7c8767289f6277661e63a15852e3b06be1e2b91484dd1b8f91b5a04a5	769293c7c8767289f6277661e63a15852e3b06be1e2b91484dd1b8f91b5a04a5	True	True	True	0.0	none
print	108	c1befb6e79d492a7676f1798ecf12d72927261fc91707482b3d90dfa2748cc76	c1befb6e79d492a7676f1798ecf12d72927261fc91707482b3d90dfa2748cc76	c1befb6e79d492a7676f1798ecf12d72927261fc91707482b3d90dfa2748cc76	True	True	True	0.0	none
print	109	dbf51da8569171fa91bab7f2343906e87fc7c79f0262139ef47fe89587befe60	dbf51da8569171fa91bab7f2343906e87fc7c79f0262139ef47fe89587befe60	dbf51da8569171fa91bab7f2343906e87fc7c79f0262139ef47fe89587befe60	True	True	True	0.0	none
print	110	30b6da84cf8de2a57e81bc0a18f320012a7a1bfdbdbc75445313e0fce6d680aa	30b6da84cf8de2a57e81bc0a18f320012a7a1bfdbdbc75445313e0fce6d680aa	30b6da84cf8de2a57e81bc0a18f320012a7a1bfdbdbc75445313e0fce6d680aa	True	True	True	0.0	none
print	111	9302b639dca738edffdb65230e694a3b5e73ed9f27b11967da8f9b901d807e90	9302b639dca738edffdb65230e694a3b5e73ed9f27b11967da8f9b901d807e90	9302b639dca738edffdb65230e694a3b5e73ed9f27b11967da8f9b901d807e90	True	True	True	0.0	none
print	112	584b565de6c3c7d6aeb3daf2b1a236218b6affc6bb53adb26448c7f09f686248	584b565de6c3c7d6aeb3daf2b1a236218b6affc6bb53adb26448c7f09f686248	584b565de6c3c7d6aeb3daf2b1a236218b6affc6bb53adb26448c7f09f686248	True	True	True	0.0	none
print	113	a354cd5f0a5fa2cb3957c7eb7c8622fe03660a0ae28a1e36a6ebe9fa38b6f155	a354cd5f0a5fa2cb3957c7eb7c8622fe03660a0ae28a1e36a6ebe9fa38b6f155	a354cd5f0a5fa2cb3957c7eb7c8622fe03660a0ae28a1e36a6ebe9fa38b6f155	True	True	True	0.0	none
print	114	f2b861fb4d0e4eadde529778eb420a908edc0b66211fbc9d6dd082641390702e	90c6922bba839a2711ca4a4e2f55fb0ab50ebab5494d25190764e6d11011f247	90c6922bba839a2711ca4a4e2f55fb0ab50ebab5494d25190764e6d11011f247	False	True	True	0.0005994752022800611	[96, 624, 557, 635]
print	115	872285240b51554cf61d22787cdc1ed2eaf6e0c84e698ed1397af1afb58c86c4	872285240b51554cf61d22787cdc1ed2eaf6e0c84e698ed1397af1afb58c86c4	872285240b51554cf61d22787cdc1ed2eaf6e0c84e698ed1397af1afb58c86c4	True	True	True	0.0	none
print	116	24d80c33de314cb98d8fbfcaf02b400a375da5b1673b77df6f775d45c9a32451	24d80c33de314cb98d8fbfcaf02b400a375da5b1673b77df6f775d45c9a32451	24d80c33de314cb98d8fbfcaf02b400a375da5b1673b77df6f775d45c9a32451	True	True	True	0.0	none
print	117	74ff93633122217b8eb2aa24dafbe0a9609f9d4bf75c339ab201023d4d59fac5	74ff93633122217b8eb2aa24dafbe0a9609f9d4bf75c339ab201023d4d59fac5	74ff93633122217b8eb2aa24dafbe0a9609f9d4bf75c339ab201023d4d59fac5	True	True	True	0.0	none
print	118	2150e265030ff25ffcfe0afa8141d6c28353201479a4009ee5dfdf4a7cf5a977	2150e265030ff25ffcfe0afa8141d6c28353201479a4009ee5dfdf4a7cf5a977	2150e265030ff25ffcfe0afa8141d6c28353201479a4009ee5dfdf4a7cf5a977	True	True	True	0.0	none
print	119	b297a0ee8fa17fd57401fcd1ac1f7129555b12f9ad6d9afa9f10db2ca75f18fb	b297a0ee8fa17fd57401fcd1ac1f7129555b12f9ad6d9afa9f10db2ca75f18fb	b297a0ee8fa17fd57401fcd1ac1f7129555b12f9ad6d9afa9f10db2ca75f18fb	True	True	True	0.0	none
print	120	838f95aa628530460b081692c2152f8d79543330f2781ec4d44f10d06402a65d	838f95aa628530460b081692c2152f8d79543330f2781ec4d44f10d06402a65d	838f95aa628530460b081692c2152f8d79543330f2781ec4d44f10d06402a65d	True	True	True	0.0	none
print	121	b30e22a11de65ce90fb571d47e458ff24fb826d7bd8969886b1006d817f08a79	7f683e6a21659ade6a64c708631edac88fd52119f9f72cd4e25d2b05e85d8af7	7f683e6a21659ade6a64c708631edac88fd52119f9f72cd4e25d2b05e85d8af7	False	True	True	0.004833482916669522	[76, 480, 566, 495]
print	122	55eaf1a2ba505d46bf6bfc6420f0f9df4ca88d819cea1f63f724d7d1366ea7d6	ce2608e50e9d6ae293cd6625a82a8fa01462ce844d33b822b2ea57fa70ee8141	ce2608e50e9d6ae293cd6625a82a8fa01462ce844d33b822b2ea57fa70ee8141	False	True	True	0.0009163406663423791	[61, 591, 582, 695]
print	123	eedfa9cfff9b3ca3b880b42c85ecf777726af868f897567c79f51e3c6c75fcb1	eedfa9cfff9b3ca3b880b42c85ecf777726af868f897567c79f51e3c6c75fcb1	eedfa9cfff9b3ca3b880b42c85ecf777726af868f897567c79f51e3c6c75fcb1	True	True	True	0.0	none
print	124	72f4b1f1eccc6de2722d196aa1c0d337bfd7498ca54cfc2bb53144441a673edf	70189d8206089dd652bc9d82b7066908693ead1ced4973fb26e5da849c6f8209	70189d8206089dd652bc9d82b7066908693ead1ced4973fb26e5da849c6f8209	False	True	True	0.0194897952192709	[60, 299, 582, 764]
print	125	9c2889a9af6c2c5695fb36ec119d1e35fd2d809d147ccfa0dbfeff2a0690f1a8	9c2889a9af6c2c5695fb36ec119d1e35fd2d809d147ccfa0dbfeff2a0690f1a8	9c2889a9af6c2c5695fb36ec119d1e35fd2d809d147ccfa0dbfeff2a0690f1a8	True	True	True	0.0	none
print	126	b1fda1bece2133446bc554d13bdb596da7012ede0d1548f5b6392094161ecf58	b1fda1bece2133446bc554d13bdb596da7012ede0d1548f5b6392094161ecf58	b1fda1bece2133446bc554d13bdb596da7012ede0d1548f5b6392094161ecf58	True	True	True	0.0	none
print	127	ed832627ed0b66a55ad737d6aeab37f5f07fa9432b6c5437d21efe268c352664	fb78fbb10c525ccb354f18a044d2fb7a2fb90c60241af1290efedd811034fc1b	fb78fbb10c525ccb354f18a044d2fb7a2fb90c60241af1290efedd811034fc1b	False	True	True	0.0002603435164187694	[85, 67, 561, 79]
print	128	a920bc632b9eaaf107498be27a5a9a550a426812b521dd1f3571f83e6eaa8695	a920bc632b9eaaf107498be27a5a9a550a426812b521dd1f3571f83e6eaa8695	a920bc632b9eaaf107498be27a5a9a550a426812b521dd1f3571f83e6eaa8695	True	True	True	0.0	none
print	129	66dc4a85fe863f21b0f889a15abd6b4414cd0df635b1cf88450b203b331780cf	66dc4a85fe863f21b0f889a15abd6b4414cd0df635b1cf88450b203b331780cf	66dc4a85fe863f21b0f889a15abd6b4414cd0df635b1cf88450b203b331780cf	True	True	True	0.0	none
print	130	492618d8416bba9fca77b19d2970955069cdbcfa4111eca081663a6a77965979	492618d8416bba9fca77b19d2970955069cdbcfa4111eca081663a6a77965979	492618d8416bba9fca77b19d2970955069cdbcfa4111eca081663a6a77965979	True	True	True	0.0	none
print	131	f3b25eb582e5c08c8c9e65668d3c029afcb30129dd255b9c6a8728a1395bbe5c	f3b25eb582e5c08c8c9e65668d3c029afcb30129dd255b9c6a8728a1395bbe5c	f3b25eb582e5c08c8c9e65668d3c029afcb30129dd255b9c6a8728a1395bbe5c	True	True	True	0.0	none
print	132	dc6e212b6d2d37dd0d495b5a30467b357787a0e353938ee4c94302ce74b0708d	4660563423ff08daf2ff60bc009d6479c473eac5c672de01da40a2f05785ee2e	4660563423ff08daf2ff60bc009d6479c473eac5c672de01da40a2f05785ee2e	False	True	True	7.022423798137859e-05	[244, 172, 250, 181]
print	133	395ce4741fc750959df62f8c8012e65c18cba46c226b4e6a3ed4396f5e67045b	395ce4741fc750959df62f8c8012e65c18cba46c226b4e6a3ed4396f5e67045b	395ce4741fc750959df62f8c8012e65c18cba46c226b4e6a3ed4396f5e67045b	True	True	True	0.0	none
print	134	b138de9088bd4e63979236ef3ac24d6c82f08e9b04899d6d2b036a36a1131417	b138de9088bd4e63979236ef3ac24d6c82f08e9b04899d6d2b036a36a1131417	b138de9088bd4e63979236ef3ac24d6c82f08e9b04899d6d2b036a36a1131417	True	True	True	0.0	none
print	135	1b4b8171af81c1763b74a9f6082ead4f0b9c88c2362d1d5f43cc71596f1d1952	1b4b8171af81c1763b74a9f6082ead4f0b9c88c2362d1d5f43cc71596f1d1952	1b4b8171af81c1763b74a9f6082ead4f0b9c88c2362d1d5f43cc71596f1d1952	True	True	True	0.0	none
print	136	0fdf17cf27e198f1315a8c64d8cf1214914b1697ec94686b735d4943d9b4e09d	0fdf17cf27e198f1315a8c64d8cf1214914b1697ec94686b735d4943d9b4e09d	0fdf17cf27e198f1315a8c64d8cf1214914b1697ec94686b735d4943d9b4e09d	True	True	True	0.0	none
print	137	10600f1fc37f8ef94ba134514f2f90fce554be53af21402b4abdb055eb402b2c	10600f1fc37f8ef94ba134514f2f90fce554be53af21402b4abdb055eb402b2c	10600f1fc37f8ef94ba134514f2f90fce554be53af21402b4abdb055eb402b2c	True	True	True	0.0	none
print	138	5dea82d3a24d39adf389fbfb2c549d04720ece93355b4f16018a1656eb4a017a	5dea82d3a24d39adf389fbfb2c549d04720ece93355b4f16018a1656eb4a017a	5dea82d3a24d39adf389fbfb2c549d04720ece93355b4f16018a1656eb4a017a	True	True	True	0.0	none
print	139	385f9157e8f8bb2efa7f0e10d343a9f2b9e8a17d85aea7b57fd25cf95327a504	385f9157e8f8bb2efa7f0e10d343a9f2b9e8a17d85aea7b57fd25cf95327a504	385f9157e8f8bb2efa7f0e10d343a9f2b9e8a17d85aea7b57fd25cf95327a504	True	True	True	0.0	none
print	140	8bc6ea2f3282b4071bd0b375962d72986165e6d3c9c011644507566d562dd198	8bc6ea2f3282b4071bd0b375962d72986165e6d3c9c011644507566d562dd198	8bc6ea2f3282b4071bd0b375962d72986165e6d3c9c011644507566d562dd198	True	True	True	0.0	none
print	141	79511cddd846cb67e3d1ace366ae30d3153398948ce2455eae518d867b34f3f3	45766dbfd20b86e1d0ef05cf0a943035b2e644bfe4f685f7ae5a15abfd0e1b68	45766dbfd20b86e1d0ef05cf0a943035b2e644bfe4f685f7ae5a15abfd0e1b68	False	True	True	0.0017710210261645235	[62, 661, 581, 668]
print	142	9fc03ea997ad65337dd25fd40fec0e7471393374eca5e73b1fc298f918246d20	9fc03ea997ad65337dd25fd40fec0e7471393374eca5e73b1fc298f918246d20	9fc03ea997ad65337dd25fd40fec0e7471393374eca5e73b1fc298f918246d20	True	True	True	0.0	none
print	143	be6caf3cc7a09dbfcf1fbba17e47f6b3221c6452fd37ac51d006792fc7647e47	be6caf3cc7a09dbfcf1fbba17e47f6b3221c6452fd37ac51d006792fc7647e47	be6caf3cc7a09dbfcf1fbba17e47f6b3221c6452fd37ac51d006792fc7647e47	True	True	True	0.0	none
print	144	b0610137c41127e54f670b32b4557479f96539fbae6dd317d7bf5207d448e0fb	b0610137c41127e54f670b32b4557479f96539fbae6dd317d7bf5207d448e0fb	b0610137c41127e54f670b32b4557479f96539fbae6dd317d7bf5207d448e0fb	True	True	True	0.0	none
print	145	b150d8e441585b0b2cc9e732a35ff00b6f3e1b6f86dbdd6fbaf285bb25620bd9	b150d8e441585b0b2cc9e732a35ff00b6f3e1b6f86dbdd6fbaf285bb25620bd9	b150d8e441585b0b2cc9e732a35ff00b6f3e1b6f86dbdd6fbaf285bb25620bd9	True	True	True	0.0	none
print	146	84445d6f174c6f016a2cf3d9ad1a35f3f9ecf190b6f268ea87d2419ed5ae6de9	84445d6f174c6f016a2cf3d9ad1a35f3f9ecf190b6f268ea87d2419ed5ae6de9	84445d6f174c6f016a2cf3d9ad1a35f3f9ecf190b6f268ea87d2419ed5ae6de9	True	True	True	0.0	none
print	147	bd10ef8e526bd9de75eadafe93e795fe6980f4ae3de8bd1d2965379b55be49f3	bd10ef8e526bd9de75eadafe93e795fe6980f4ae3de8bd1d2965379b55be49f3	bd10ef8e526bd9de75eadafe93e795fe6980f4ae3de8bd1d2965379b55be49f3	True	True	True	0.0	none
print	148	81b2249b9942985a5478f1656a5537191771df9467cdf640c9df8e4942499ff7	55d81b3a687cb9843a075700cef7ff4fe48bcdf9d6ea8def5632d4a251da3dc6	55d81b3a687cb9843a075700cef7ff4fe48bcdf9d6ea8def5632d4a251da3dc6	False	True	True	2.0553435506744953e-05	[562, 762, 568, 768]
print	149	30f941c9be8b30e58ce4cf86750d0ca32522f470a24ba41a7b6b11e8b25c1521	30f941c9be8b30e58ce4cf86750d0ca32522f470a24ba41a7b6b11e8b25c1521	30f941c9be8b30e58ce4cf86750d0ca32522f470a24ba41a7b6b11e8b25c1521	True	True	True	0.0	none
print	150	416d17d42375f5a2fdb89b6c132ffb09062e2bde49062146084f6f9d257e3609	416d17d42375f5a2fdb89b6c132ffb09062e2bde49062146084f6f9d257e3609	416d17d42375f5a2fdb89b6c132ffb09062e2bde49062146084f6f9d257e3609	True	True	True	0.0	none
print	151	dcda72d3ed534bf1c348d3fb32a6919c1ff048e33be94b756f151f3913d41f81	dcda72d3ed534bf1c348d3fb32a6919c1ff048e33be94b756f151f3913d41f81	dcda72d3ed534bf1c348d3fb32a6919c1ff048e33be94b756f151f3913d41f81	True	True	True	0.0	none
print	152	4a0f1e425859ea9b994326ee85260436520614daeb4b6e49b2885d11357013c6	4a0f1e425859ea9b994326ee85260436520614daeb4b6e49b2885d11357013c6	4a0f1e425859ea9b994326ee85260436520614daeb4b6e49b2885d11357013c6	True	True	True	0.0	none
print	153	080eddade7a050dc28baa83ce42321d4ba2494216ed8fc482bdde1ad06a7cd16	080eddade7a050dc28baa83ce42321d4ba2494216ed8fc482bdde1ad06a7cd16	080eddade7a050dc28baa83ce42321d4ba2494216ed8fc482bdde1ad06a7cd16	True	True	True	0.0	none
print	154	445e501ae1ab288aa9571257cc30c9f3498a71369ae2fe4b0ea5881e5b147f09	445e501ae1ab288aa9571257cc30c9f3498a71369ae2fe4b0ea5881e5b147f09	445e501ae1ab288aa9571257cc30c9f3498a71369ae2fe4b0ea5881e5b147f09	True	True	True	0.0	none
print	155	28fe383e28b05c010bc77150de6daa0ab15f19c0ae6092f40abaaf108a739a78	28fe383e28b05c010bc77150de6daa0ab15f19c0ae6092f40abaaf108a739a78	28fe383e28b05c010bc77150de6daa0ab15f19c0ae6092f40abaaf108a739a78	True	True	True	0.0	none
print	156	f2baa974d1a71268e857355be617f8e784ccfe6471005898248a6f1c565e4e38	f2baa974d1a71268e857355be617f8e784ccfe6471005898248a6f1c565e4e38	f2baa974d1a71268e857355be617f8e784ccfe6471005898248a6f1c565e4e38	True	True	True	0.0	none
print	157	116a535693d3c8d05168bf02474243033a49e9421f50f2195cec11c87d296a77	c6c0b54ef3266cb98b0c7759d16aca40346a409dfb13c4a02a05a61604f3c3fb	c6c0b54ef3266cb98b0c7759d16aca40346a409dfb13c4a02a05a61604f3c3fb	False	True	True	0.0034084447215352045	[61, 421, 582, 835]
print	158	1fc0d29be0805600ecc9d8d2f343243fc66ed2fe61f949cb5074b2c404e23fb0	1fc0d29be0805600ecc9d8d2f343243fc66ed2fe61f949cb5074b2c404e23fb0	1fc0d29be0805600ecc9d8d2f343243fc66ed2fe61f949cb5074b2c404e23fb0	True	True	True	0.0	none
print	159	ff23eb9cd29d29c237c518e1557d9e3dc9b5c814a637c4fa1fa71bec16c4aebf	ff23eb9cd29d29c237c518e1557d9e3dc9b5c814a637c4fa1fa71bec16c4aebf	ff23eb9cd29d29c237c518e1557d9e3dc9b5c814a637c4fa1fa71bec16c4aebf	True	True	True	0.0	none
print	160	ae522ecb56aca0f46164d79f97de60bcad3a0554fedc258256579ac48ee0b998	ae522ecb56aca0f46164d79f97de60bcad3a0554fedc258256579ac48ee0b998	ae522ecb56aca0f46164d79f97de60bcad3a0554fedc258256579ac48ee0b998	True	True	True	0.0	none
print	161	d3064e61decd17ecea435b70207f3a2fc461036614c6faf3ae5bddc4fd6f008e	d3064e61decd17ecea435b70207f3a2fc461036614c6faf3ae5bddc4fd6f008e	d3064e61decd17ecea435b70207f3a2fc461036614c6faf3ae5bddc4fd6f008e	True	True	True	0.0	none
print	162	fa5ad28c5d9fd94798dbebce94021f1aec3248553c488d6fef5b6ef0a7b8718f	fa5ad28c5d9fd94798dbebce94021f1aec3248553c488d6fef5b6ef0a7b8718f	fa5ad28c5d9fd94798dbebce94021f1aec3248553c488d6fef5b6ef0a7b8718f	True	True	True	0.0	none
print	163	54b8bf0d78c7ebe11622ecee0cde100fccaa12b6715236c6fb01e9ade394c377	318d1796f9fda96636db37cb0a208b842380cbebf203ef79ee23d93064b37334	318d1796f9fda96636db37cb0a208b842380cbebf203ef79ee23d93064b37334	False	True	True	0.00022266221798973698	[372, 542, 392, 552]
print	164	174737b95f9d37f6d661785c3ba2a5d996879325e16170292ac9f54b4dc4f5d1	174737b95f9d37f6d661785c3ba2a5d996879325e16170292ac9f54b4dc4f5d1	174737b95f9d37f6d661785c3ba2a5d996879325e16170292ac9f54b4dc4f5d1	True	True	True	0.0	none
print	165	7f2d5b2ff0f3ab999e46381a04e88c1a8ca372528343899a2ac631a798255746	9c687723d4df1408c09973c04390c107e8a5c94b1d9120b4d013022a623ecdda	9c687723d4df1408c09973c04390c107e8a5c94b1d9120b4d013022a623ecdda	False	True	True	0.00020553435506744954	[510, 577, 524, 588]
print	166	40cb1f0f64dd911578cdd80d2703dda8c1c5d19fe4ca5821aff143cde176f2c4	40cb1f0f64dd911578cdd80d2703dda8c1c5d19fe4ca5821aff143cde176f2c4	40cb1f0f64dd911578cdd80d2703dda8c1c5d19fe4ca5821aff143cde176f2c4	True	True	True	0.0	none
print	167	6e02951f8f1d2a0445289c7d752525da8432c3cf547525098f6fe3efe6e43f15	6e02951f8f1d2a0445289c7d752525da8432c3cf547525098f6fe3efe6e43f15	6e02951f8f1d2a0445289c7d752525da8432c3cf547525098f6fe3efe6e43f15	True	True	True	0.0	none
print	168	26da64d4216abece08e411b87a5820cec9c2fd5cd47ab279a174c32ef3cd62a1	26da64d4216abece08e411b87a5820cec9c2fd5cd47ab279a174c32ef3cd62a1	26da64d4216abece08e411b87a5820cec9c2fd5cd47ab279a174c32ef3cd62a1	True	True	True	0.0	none
print	169	d461c0540e08927183cfb1917036defc375747ceee78fe93012401f7115f5bb6	d461c0540e08927183cfb1917036defc375747ceee78fe93012401f7115f5bb6	d461c0540e08927183cfb1917036defc375747ceee78fe93012401f7115f5bb6	True	True	True	0.0	none
print	170	ed0e2f50be6b8a3243650b4b0fcd6907a615683da04a9d49d955292a9bf0241c	ed0e2f50be6b8a3243650b4b0fcd6907a615683da04a9d49d955292a9bf0241c	ed0e2f50be6b8a3243650b4b0fcd6907a615683da04a9d49d955292a9bf0241c	True	True	True	0.0	none
print	171	6f259394bc73960a34bec768e347c9010c53d437987ebe61f7c02cc2b8a246d0	6f259394bc73960a34bec768e347c9010c53d437987ebe61f7c02cc2b8a246d0	6f259394bc73960a34bec768e347c9010c53d437987ebe61f7c02cc2b8a246d0	True	True	True	0.0	none
print	172	523064cf7e406afff786a8ce33355328f8c6a7cc456ca38674d80bc93fa718a0	523064cf7e406afff786a8ce33355328f8c6a7cc456ca38674d80bc93fa718a0	523064cf7e406afff786a8ce33355328f8c6a7cc456ca38674d80bc93fa718a0	True	True	True	0.0	none
print	173	1b6800d2a719da189a7c54dd795d9388b07a6c4658f0c676fb50772878c8418c	1b6800d2a719da189a7c54dd795d9388b07a6c4658f0c676fb50772878c8418c	1b6800d2a719da189a7c54dd795d9388b07a6c4658f0c676fb50772878c8418c	True	True	True	0.0	none
print	174	07ed7af79c66b41424d7912e66447b5507acb3b04cade27b5d342c60a25448e6	97011d8169bd3ed86f91a1b1c8574f8a1b0d1807751f01b2a266b4db8b75ac8a	97011d8169bd3ed86f91a1b1c8574f8a1b0d1807751f01b2a266b4db8b75ac8a	False	True	True	0.0002603435164187694	[85, 67, 561, 79]
print	175	5cb6ef6059b53bafb11f7922ac59e2d242229398e4dad5ddb385f65bbf7ce219	5cb6ef6059b53bafb11f7922ac59e2d242229398e4dad5ddb385f65bbf7ce219	5cb6ef6059b53bafb11f7922ac59e2d242229398e4dad5ddb385f65bbf7ce219	True	True	True	0.0	none
print	176	6a36246906273ccddc56e796d82a7b7b701e89484cc2a636c5f78f1ee4bd482e	6a36246906273ccddc56e796d82a7b7b701e89484cc2a636c5f78f1ee4bd482e	6a36246906273ccddc56e796d82a7b7b701e89484cc2a636c5f78f1ee4bd482e	True	True	True	0.0	none
print	177	3d1f3d31ec2d174d8aa8d225d479fa5e42937a73a8610960c9ca52e4877ea29e	3d1f3d31ec2d174d8aa8d225d479fa5e42937a73a8610960c9ca52e4877ea29e	3d1f3d31ec2d174d8aa8d225d479fa5e42937a73a8610960c9ca52e4877ea29e	True	True	True	0.0	none
print	178	9bbc6d41c87195e20d1d6bfda0c56d5cb981955ccd82c1c3e32c60f52362e02f	9bbc6d41c87195e20d1d6bfda0c56d5cb981955ccd82c1c3e32c60f52362e02f	9bbc6d41c87195e20d1d6bfda0c56d5cb981955ccd82c1c3e32c60f52362e02f	True	True	True	0.0	none
print	179	e23d98ea09e72fec2e13f1c4c08f1383aa8e3c6a97000509af53b3ecca20a23f	e23d98ea09e72fec2e13f1c4c08f1383aa8e3c6a97000509af53b3ecca20a23f	e23d98ea09e72fec2e13f1c4c08f1383aa8e3c6a97000509af53b3ecca20a23f	True	True	True	0.0	none
print	180	bd0f36dfd28d5a691b4ec45e43a7733c792facc4d024d18a86ef9fab7b1962d8	bd0f36dfd28d5a691b4ec45e43a7733c792facc4d024d18a86ef9fab7b1962d8	bd0f36dfd28d5a691b4ec45e43a7733c792facc4d024d18a86ef9fab7b1962d8	True	True	True	0.0	none
print	181	c7603343e4218e370f02e8ab41b7f79417f9944fd6716d746520d2e81af72679	c7603343e4218e370f02e8ab41b7f79417f9944fd6716d746520d2e81af72679	c7603343e4218e370f02e8ab41b7f79417f9944fd6716d746520d2e81af72679	True	True	True	0.0	none
print	182	2e93bf2c8e4fa71045d7084a2ef7bdaa37893718bec7a681ec728bd1030f63c0	2e93bf2c8e4fa71045d7084a2ef7bdaa37893718bec7a681ec728bd1030f63c0	2e93bf2c8e4fa71045d7084a2ef7bdaa37893718bec7a681ec728bd1030f63c0	True	True	True	0.0	none
print	183	2da223737ea391961ef1c103d001341f66ca5c3a6e0331353afbead6088f52e7	2da223737ea391961ef1c103d001341f66ca5c3a6e0331353afbead6088f52e7	2da223737ea391961ef1c103d001341f66ca5c3a6e0331353afbead6088f52e7	True	True	True	0.0	none
print	184	9712b6b1c9e15827aec22498d6781331a8adc3f228862a0a09c877c56ecb11b2	9712b6b1c9e15827aec22498d6781331a8adc3f228862a0a09c877c56ecb11b2	9712b6b1c9e15827aec22498d6781331a8adc3f228862a0a09c877c56ecb11b2	True	True	True	0.0	none
print	185	ff32316556f1e12c19cbfd1617b32e878de31329326af4a0a8246bb0da2af8b0	ff32316556f1e12c19cbfd1617b32e878de31329326af4a0a8246bb0da2af8b0	ff32316556f1e12c19cbfd1617b32e878de31329326af4a0a8246bb0da2af8b0	True	True	True	0.0	none
print	186	01a8966fb6373ba0024397134fedc6ab543838e00e4c9feb6d133aa887c96707	01a8966fb6373ba0024397134fedc6ab543838e00e4c9feb6d133aa887c96707	01a8966fb6373ba0024397134fedc6ab543838e00e4c9feb6d133aa887c96707	True	True	True	0.0	none
print	187	eac0e72162f938dbef837d7b67b0b223c02d03e50518690ecd8444332ab89b41	eac0e72162f938dbef837d7b67b0b223c02d03e50518690ecd8444332ab89b41	eac0e72162f938dbef837d7b67b0b223c02d03e50518690ecd8444332ab89b41	True	True	True	0.0	none
print	188	ba61850ee9c0b5e2f1139a67593d525f155e1ebdeb9970d90275734ad6a26933	ba61850ee9c0b5e2f1139a67593d525f155e1ebdeb9970d90275734ad6a26933	ba61850ee9c0b5e2f1139a67593d525f155e1ebdeb9970d90275734ad6a26933	True	True	True	0.0	none
print	189	e276be5d850e2c1a50e35d1bf6600cb8d248ffb018dc477cc3f9c2f0cccb81b4	e276be5d850e2c1a50e35d1bf6600cb8d248ffb018dc477cc3f9c2f0cccb81b4	e276be5d850e2c1a50e35d1bf6600cb8d248ffb018dc477cc3f9c2f0cccb81b4	True	True	True	0.0	none
print	190	c9105c1c9b94546d6f2d5067ad43ff947b7df75c6cac455dcbff2159f4dcadf5	c9105c1c9b94546d6f2d5067ad43ff947b7df75c6cac455dcbff2159f4dcadf5	c9105c1c9b94546d6f2d5067ad43ff947b7df75c6cac455dcbff2159f4dcadf5	True	True	True	0.0	none
print	191	53b7806e289396079f98d063347de1ad74fd69ab66cd3ae0399bb052f6a883ae	53b7806e289396079f98d063347de1ad74fd69ab66cd3ae0399bb052f6a883ae	53b7806e289396079f98d063347de1ad74fd69ab66cd3ae0399bb052f6a883ae	True	True	True	0.0	none
print	192	2b91e7568b52c1ed3277a8339b3da3c936788f61ab26d8455499f0442779e2cb	2b91e7568b52c1ed3277a8339b3da3c936788f61ab26d8455499f0442779e2cb	2b91e7568b52c1ed3277a8339b3da3c936788f61ab26d8455499f0442779e2cb	True	True	True	0.0	none
print	193	7d83a7d07332c065e9acd910b9f7afce9e7e102670cab711313bae6f50dd270d	7d83a7d07332c065e9acd910b9f7afce9e7e102670cab711313bae6f50dd270d	7d83a7d07332c065e9acd910b9f7afce9e7e102670cab711313bae6f50dd270d	True	True	True	0.0	none
print	194	b5da07a4cf92b21723bacfc8992dd79433cce9763a4249a2577b26749e88359e	b5da07a4cf92b21723bacfc8992dd79433cce9763a4249a2577b26749e88359e	b5da07a4cf92b21723bacfc8992dd79433cce9763a4249a2577b26749e88359e	True	True	True	0.0	none
print	195	3c4845fedd6119484edcb13f2334a497ffe8d039934bfabc891446bc7446ff30	3c4845fedd6119484edcb13f2334a497ffe8d039934bfabc891446bc7446ff30	3c4845fedd6119484edcb13f2334a497ffe8d039934bfabc891446bc7446ff30	True	True	True	0.0	none
print	196	537271919a2802ba61047d4e17c57f0b954920f30b64383e00e54cf7cd9d2aac	537271919a2802ba61047d4e17c57f0b954920f30b64383e00e54cf7cd9d2aac	537271919a2802ba61047d4e17c57f0b954920f30b64383e00e54cf7cd9d2aac	True	True	True	0.0	none
print	197	19fdfe855520ee9e8b1b5467a2d14a9e4d58e280132a00f753377a0a827bea7f	19fdfe855520ee9e8b1b5467a2d14a9e4d58e280132a00f753377a0a827bea7f	19fdfe855520ee9e8b1b5467a2d14a9e4d58e280132a00f753377a0a827bea7f	True	True	True	0.0	none
print	198	02c05ec3b3d489334057481900d1752c537bb5f980014aab60e7bd65720639af	02c05ec3b3d489334057481900d1752c537bb5f980014aab60e7bd65720639af	02c05ec3b3d489334057481900d1752c537bb5f980014aab60e7bd65720639af	True	True	True	0.0	none
print	199	150d3d121ae27617bde013c690f442823df55961383d3daf5f07c961090b1c8c	150d3d121ae27617bde013c690f442823df55961383d3daf5f07c961090b1c8c	150d3d121ae27617bde013c690f442823df55961383d3daf5f07c961090b1c8c	True	True	True	0.0	none
print	200	32581b5ebc9683b4619053c7e06eeca15b75da87faf7669d1d59a1b3fc5da663	32581b5ebc9683b4619053c7e06eeca15b75da87faf7669d1d59a1b3fc5da663	32581b5ebc9683b4619053c7e06eeca15b75da87faf7669d1d59a1b3fc5da663	True	True	True	0.0	none
print	201	60237c919bc0253aa3b46cf041e074a9f42b0814185e57e225b8aeb750abebae	60237c919bc0253aa3b46cf041e074a9f42b0814185e57e225b8aeb750abebae	60237c919bc0253aa3b46cf041e074a9f42b0814185e57e225b8aeb750abebae	True	True	True	0.0	none
print	202	e7e86aac03267bd9895efde2ad237de782ab35b0159423afeaacbb1fe1a294f8	e7e86aac03267bd9895efde2ad237de782ab35b0159423afeaacbb1fe1a294f8	e7e86aac03267bd9895efde2ad237de782ab35b0159423afeaacbb1fe1a294f8	True	True	True	0.0	none
print	203	e1622618e2714bbd4dcb9f5ea473660e388482756cb9d797a2ba07d09307ac36	e1622618e2714bbd4dcb9f5ea473660e388482756cb9d797a2ba07d09307ac36	e1622618e2714bbd4dcb9f5ea473660e388482756cb9d797a2ba07d09307ac36	True	True	True	0.0	none
print	204	aae374f14ae04c679edc250a18b124c289bd896cddc9b41e22ba9eed4b0d8e18	aae374f14ae04c679edc250a18b124c289bd896cddc9b41e22ba9eed4b0d8e18	aae374f14ae04c679edc250a18b124c289bd896cddc9b41e22ba9eed4b0d8e18	True	True	True	0.0	none
print	205	0b73c6429fc4522f669dfb9ec9d133052b4d058d570f669b6b184351e44bbe48	0b73c6429fc4522f669dfb9ec9d133052b4d058d570f669b6b184351e44bbe48	0b73c6429fc4522f669dfb9ec9d133052b4d058d570f669b6b184351e44bbe48	True	True	True	0.0	none
print	206	e501ab0c8c230a73ff70829fc134a918555580971f181c7726086f49b4a715e4	165392d23cb79dbd6559ed0f901b6a59d9ea792db97cc810389376461e3efeb0	165392d23cb79dbd6559ed0f901b6a59d9ea792db97cc810389376461e3efeb0	False	True	True	0.0002603435164187694	[85, 67, 561, 79]
print	207	dce5c292d3a78110980a6222fef892dc568052628791d282bb8b48cc2e945128	dce5c292d3a78110980a6222fef892dc568052628791d282bb8b48cc2e945128	dce5c292d3a78110980a6222fef892dc568052628791d282bb8b48cc2e945128	True	True	True	0.0	none
print	208	9414ff9e4addee934433abc270e15c76390bce4f4ae1fb0c88e14c576176de53	9414ff9e4addee934433abc270e15c76390bce4f4ae1fb0c88e14c576176de53	9414ff9e4addee934433abc270e15c76390bce4f4ae1fb0c88e14c576176de53	True	True	True	0.0	none
print	209	14e496605db4406dc9d53e8c77005ff75cef54cc3e919aa3bcc6cdce21841101	14e496605db4406dc9d53e8c77005ff75cef54cc3e919aa3bcc6cdce21841101	14e496605db4406dc9d53e8c77005ff75cef54cc3e919aa3bcc6cdce21841101	True	True	True	0.0	none
print	210	2767ce2c5d5b1256854ba437507c4b125eccae81e821280e46bafa03c03110ac	2767ce2c5d5b1256854ba437507c4b125eccae81e821280e46bafa03c03110ac	2767ce2c5d5b1256854ba437507c4b125eccae81e821280e46bafa03c03110ac	True	True	True	0.0	none
print	211	3a82183246915c6b5a2fc4b0b266f69fb30555e330a7530a884f41f9f1fee47c	3a82183246915c6b5a2fc4b0b266f69fb30555e330a7530a884f41f9f1fee47c	3a82183246915c6b5a2fc4b0b266f69fb30555e330a7530a884f41f9f1fee47c	True	True	True	0.0	none
print	212	83cfffa7038069ff0f9360689e2d0afb9f95ef659330d1a31c440a10a6099832	37054a779e51e0a49236bf75c755418f549d8fef196b858d841abfd81b8999fb	37054a779e51e0a49236bf75c755418f549d8fef196b858d841abfd81b8999fb	False	True	True	3.2542939552346177e-05	[281, 747, 294, 758]
print	213	db72eaa80cd0eba77ec592410389da2f1e7d397d8c05f495fd470010d5f6c750	db72eaa80cd0eba77ec592410389da2f1e7d397d8c05f495fd470010d5f6c750	db72eaa80cd0eba77ec592410389da2f1e7d397d8c05f495fd470010d5f6c750	True	True	True	0.0	none
print	214	18c92ff3ae956eb1309d65b0259d65caae5faf97692bf0a9c1d3eed8e61ade47	16540d1ff1b05dfe352a28f93c8c9e345c80d0598e2fbb810491513011673afb	16540d1ff1b05dfe352a28f93c8c9e345c80d0598e2fbb810491513011673afb	False	True	True	0.06568706709326463	[61, 311, 582, 797]
print	215	c1815164a6c054ad70dc72f86529afbfb99ff5a252cba695773273711eec5507	c1815164a6c054ad70dc72f86529afbfb99ff5a252cba695773273711eec5507	c1815164a6c054ad70dc72f86529afbfb99ff5a252cba695773273711eec5507	True	True	True	0.0	none
print	216	db4ceb36154087b92d9d79418a9270eb64ed8eda6d1122c235361030d8c6dd32	db4ceb36154087b92d9d79418a9270eb64ed8eda6d1122c235361030d8c6dd32	db4ceb36154087b92d9d79418a9270eb64ed8eda6d1122c235361030d8c6dd32	True	True	True	0.0	none
print	217	5c2209204ba62d84eca0ec172d50175ac2e4e68dcf6a23bb8c42ab69c7b40840	5c2209204ba62d84eca0ec172d50175ac2e4e68dcf6a23bb8c42ab69c7b40840	5c2209204ba62d84eca0ec172d50175ac2e4e68dcf6a23bb8c42ab69c7b40840	True	True	True	0.0	none
print	218	75b549e6e00ea5b4566c7d33c7b1bf5309f27f4954a1af43582a55fad65a3d7a	646e7b16595d8ade6f1a71db2cbd115f4c7e7a2882bdec1c4e4cbf36e836794f	646e7b16595d8ade6f1a71db2cbd115f4c7e7a2882bdec1c4e4cbf36e836794f	False	True	True	0.0030607491042127693	[88, 302, 404, 314]
print	219	c0700794ac5e55a3fa3d04f6c3ac6496b6c068775e74a8bfda88082e9790b96e	cddc977ef3d5ee0d47d32e775ea265eddc8a5de9ac9fd727629c085703858291	cddc977ef3d5ee0d47d32e775ea265eddc8a5de9ac9fd727629c085703858291	False	True	True	0.001186960900514521	[111, 143, 475, 768]
print	220	314b5fcf4f56e731e0c30e2c4d10db7d215f20c63e4d27443073011506ec7bc7	2697237f4d5afe0e6bbd5e2e8a248eac31a9706f69187c3adc7d40bf1a948d7b	2697237f4d5afe0e6bbd5e2e8a248eac31a9706f69187c3adc7d40bf1a948d7b	False	True	True	0.0003716746254136379	[241, 111, 294, 125]
print	221	eb37b8d0d2b1772a23a8256792ba049a79388a40825efdae1988766dd2fa8523	eb37b8d0d2b1772a23a8256792ba049a79388a40825efdae1988766dd2fa8523	eb37b8d0d2b1772a23a8256792ba049a79388a40825efdae1988766dd2fa8523	True	True	True	0.0	none
print	222	116505cfa41dbe239e72c48eea7ef8235f957b2682feb51436321fae6816b8d1	116505cfa41dbe239e72c48eea7ef8235f957b2682feb51436321fae6816b8d1	116505cfa41dbe239e72c48eea7ef8235f957b2682feb51436321fae6816b8d1	True	True	True	0.0	none
print	223	c5c9a0a51b4046cda18d2743bfbe495b838a16776073118cbc093843805a257d	c5c9a0a51b4046cda18d2743bfbe495b838a16776073118cbc093843805a257d	c5c9a0a51b4046cda18d2743bfbe495b838a16776073118cbc093843805a257d	True	True	True	0.0	none
print	224	b5f0478583f0186fa6627972e2910ff12f28bad1274e5134cda3335ad8243c12	b5f0478583f0186fa6627972e2910ff12f28bad1274e5134cda3335ad8243c12	b5f0478583f0186fa6627972e2910ff12f28bad1274e5134cda3335ad8243c12	True	True	True	0.0	none
print	225	9e9a6e2345e005c976ac740fcff8189102f19316d314f759ba001de841aa2b76	9e9a6e2345e005c976ac740fcff8189102f19316d314f759ba001de841aa2b76	9e9a6e2345e005c976ac740fcff8189102f19316d314f759ba001de841aa2b76	True	True	True	0.0	none
print	226	b330793c69a19d74bc0945ab64130fdbf752325ba6401bc9b7012533a6df846f	b330793c69a19d74bc0945ab64130fdbf752325ba6401bc9b7012533a6df846f	b330793c69a19d74bc0945ab64130fdbf752325ba6401bc9b7012533a6df846f	True	True	True	0.0	none
print	227	c2c4e46ac0d03c4ad531394abe3f1c35dfd20146e904261ec7995e26fe0e6e2b	c2c4e46ac0d03c4ad531394abe3f1c35dfd20146e904261ec7995e26fe0e6e2b	c2c4e46ac0d03c4ad531394abe3f1c35dfd20146e904261ec7995e26fe0e6e2b	True	True	True	0.0	none
print	228	9050ebf9b607280697f5711a1338584a053a61dd80c863aa2cbeba377622b2ba	9050ebf9b607280697f5711a1338584a053a61dd80c863aa2cbeba377622b2ba	9050ebf9b607280697f5711a1338584a053a61dd80c863aa2cbeba377622b2ba	True	True	True	0.0	none
print	229	7af76ee873ecbddf1c8a37eeaae996ed39d65cf8973080847b5f6cc8ef02b6a2	7af76ee873ecbddf1c8a37eeaae996ed39d65cf8973080847b5f6cc8ef02b6a2	7af76ee873ecbddf1c8a37eeaae996ed39d65cf8973080847b5f6cc8ef02b6a2	True	True	True	0.0	none
print	230	344490296fb2702b9b7ccf322f7163baf58c207190e6168f8d87dd41b1076e4d	344490296fb2702b9b7ccf322f7163baf58c207190e6168f8d87dd41b1076e4d	344490296fb2702b9b7ccf322f7163baf58c207190e6168f8d87dd41b1076e4d	True	True	True	0.0	none
print	231	b9cd8a3cc34062d5ecdcda7db2bd22423daf3dc5d20de3e5084bca2304390e02	b9cd8a3cc34062d5ecdcda7db2bd22423daf3dc5d20de3e5084bca2304390e02	b9cd8a3cc34062d5ecdcda7db2bd22423daf3dc5d20de3e5084bca2304390e02	True	True	True	0.0	none
print	232	fa5e31bef665e909dae732fd46516fb10da17043e77d62ce385ef34748c7c57a	8fd5a1374e1435d6bfbf83fd06d8986c96bfd41e930f5e991e971047e3b8ad71	8fd5a1374e1435d6bfbf83fd06d8986c96bfd41e930f5e991e971047e3b8ad71	False	True	True	0.0031463884188242066	[215, 751, 568, 794]
print	233	ed09c9753617bae2d6abfc227724d643f21f648390b22813e1c74bc14b2c391f	ed09c9753617bae2d6abfc227724d643f21f648390b22813e1c74bc14b2c391f	ed09c9753617bae2d6abfc227724d643f21f648390b22813e1c74bc14b2c391f	True	True	True	0.0	none
print	234	d925511cd68fcd1b5565335c78f1c46db85cac654d646dbb1bde20a0a5351df5	d925511cd68fcd1b5565335c78f1c46db85cac654d646dbb1bde20a0a5351df5	d925511cd68fcd1b5565335c78f1c46db85cac654d646dbb1bde20a0a5351df5	True	True	True	0.0	none
print	235	387fff438b832940212fff1478e2f29f185dcf0de80a7c146b58a2a058ce45d3	387fff438b832940212fff1478e2f29f185dcf0de80a7c146b58a2a058ce45d3	387fff438b832940212fff1478e2f29f185dcf0de80a7c146b58a2a058ce45d3	True	True	True	0.0	none
print	236	2dbd9db0004f84e62d5eec65754eed0836e97172cc784f34d19b7faf5fc4d90a	2dbd9db0004f84e62d5eec65754eed0836e97172cc784f34d19b7faf5fc4d90a	2dbd9db0004f84e62d5eec65754eed0836e97172cc784f34d19b7faf5fc4d90a	True	True	True	0.0	none
print	237	6ceadabaa5859b6676dbc5e1e3bbcf2b5d7c4c99455629dfb295528a4aceab8c	6ceadabaa5859b6676dbc5e1e3bbcf2b5d7c4c99455629dfb295528a4aceab8c	6ceadabaa5859b6676dbc5e1e3bbcf2b5d7c4c99455629dfb295528a4aceab8c	True	True	True	0.0	none
print	238	af02a8b9f52334b20ef2bc0d574f8631caad6a53cc613dbab2000ce1ebb6ff06	af02a8b9f52334b20ef2bc0d574f8631caad6a53cc613dbab2000ce1ebb6ff06	af02a8b9f52334b20ef2bc0d574f8631caad6a53cc613dbab2000ce1ebb6ff06	True	True	True	0.0	none
print	239	6182dec481f3d077a80d8a007ba368320894cc2cd2939451647089c4a1ba8832	6182dec481f3d077a80d8a007ba368320894cc2cd2939451647089c4a1ba8832	6182dec481f3d077a80d8a007ba368320894cc2cd2939451647089c4a1ba8832	True	True	True	0.0	none
print	240	2d2a2fb0518fb33e2049447c64c147c94f87cbb585d8d32bddb6f03dc6313ed6	2d2a2fb0518fb33e2049447c64c147c94f87cbb585d8d32bddb6f03dc6313ed6	2d2a2fb0518fb33e2049447c64c147c94f87cbb585d8d32bddb6f03dc6313ed6	True	True	True	0.0	none
print	241	e097f2eec2cab898211f20dd45ec65ed514c60f6a3789040c51a5366aa79356f	e097f2eec2cab898211f20dd45ec65ed514c60f6a3789040c51a5366aa79356f	e097f2eec2cab898211f20dd45ec65ed514c60f6a3789040c51a5366aa79356f	True	True	True	0.0	none
print	242	9d248021e1106b24b6197bc725878743cf0241ffcc792e85c688762e04f4f083	9d248021e1106b24b6197bc725878743cf0241ffcc792e85c688762e04f4f083	9d248021e1106b24b6197bc725878743cf0241ffcc792e85c688762e04f4f083	True	True	True	0.0	none
print	243	5803233c980eed72c0414fc849e80bba39dfd9a27b991715db043de4fb743c08	2500528981911a5a49fa8e143d94395e956085b2185534a7e8bc8935a04e5c59	2500528981911a5a49fa8e143d94395e956085b2185534a7e8bc8935a04e5c59	False	True	True	0.0002603435164187694	[85, 67, 561, 79]
print	244	fb8898e325357f7cc37b7bedb2435765123b6f421f72cbc7f66f646b1921e4b9	fb8898e325357f7cc37b7bedb2435765123b6f421f72cbc7f66f646b1921e4b9	fb8898e325357f7cc37b7bedb2435765123b6f421f72cbc7f66f646b1921e4b9	True	True	True	0.0	none
print	245	388233cad3f3567e24c92aaea7e074d462fad76bedb205e1a56406108383b4f3	388233cad3f3567e24c92aaea7e074d462fad76bedb205e1a56406108383b4f3	388233cad3f3567e24c92aaea7e074d462fad76bedb205e1a56406108383b4f3	True	True	True	0.0	none
print	246	0f3bee587d057ee23a51a6f2f045f6e69be75ffeeb1e53d11642409c3443498d	0f3bee587d057ee23a51a6f2f045f6e69be75ffeeb1e53d11642409c3443498d	0f3bee587d057ee23a51a6f2f045f6e69be75ffeeb1e53d11642409c3443498d	True	True	True	0.0	none
print	247	f3d0786c43943fc3f0166f6bbe10d85a50220855202ba1207ffd841763ba234e	e7a7735b3705f3b08fabfe2146de33b3a4b5e1877715f347be54375a2bb91244	e7a7735b3705f3b08fabfe2146de33b3a4b5e1877715f347be54375a2bb91244	False	True	True	0.00010619275011818225	[557, 719, 565, 762]
print	248	de9c2da7eb79f745e0631350b4085e2874bbc34e993e08ceceb03af6d6b007c0	2fcb89ca5b3bc891aaf9c7cc3fbac6a2a315ff7a44c0fffef08a5b9eb9f436be	2fcb89ca5b3bc891aaf9c7cc3fbac6a2a315ff7a44c0fffef08a5b9eb9f436be	False	True	True	0.007719527819074958	[61, 299, 581, 742]
print	249	a5d46b317e939d98ffdcbf26f4e317fd3d944508ba69503faddcdbe85315b283	d2d7fd10745b343e8de00a848bb5ae1a86cbfb285070c64371b3e7b21be95dca	d2d7fd10745b343e8de00a848bb5ae1a86cbfb285070c64371b3e7b21be95dca	False	True	True	0.0028295229547618886	[61, 356, 582, 761]
print	250	66334f713690f62b414d748398600556c5396933cbd6815a7ed8ec80d5ca0292	66334f713690f62b414d748398600556c5396933cbd6815a7ed8ec80d5ca0292	66334f713690f62b414d748398600556c5396933cbd6815a7ed8ec80d5ca0292	True	True	True	0.0	none
print	251	c114c523bcf3a03dab1361bc9e54259e9e20d05259cf9fbf4a5fc5c93a4a5ef9	c114c523bcf3a03dab1361bc9e54259e9e20d05259cf9fbf4a5fc5c93a4a5ef9	c114c523bcf3a03dab1361bc9e54259e9e20d05259cf9fbf4a5fc5c93a4a5ef9	True	True	True	0.0	none
print	252	14dd9a474ad7a00dfdd1d233592538e91a8c5f764c87330f4eda0bbd9bdfcf13	14dd9a474ad7a00dfdd1d233592538e91a8c5f764c87330f4eda0bbd9bdfcf13	14dd9a474ad7a00dfdd1d233592538e91a8c5f764c87330f4eda0bbd9bdfcf13	True	True	True	0.0	none
print	253	fa7221de9edf3fb7621cad6108ca45907169209fe1dfae802dd1b8193286dd2f	fa7221de9edf3fb7621cad6108ca45907169209fe1dfae802dd1b8193286dd2f	fa7221de9edf3fb7621cad6108ca45907169209fe1dfae802dd1b8193286dd2f	True	True	True	0.0	none
print	254	94670f925b80782f4c9c06c03d60e4d044c0e60dd2080fbc865bc2ffef608c98	94670f925b80782f4c9c06c03d60e4d044c0e60dd2080fbc865bc2ffef608c98	94670f925b80782f4c9c06c03d60e4d044c0e60dd2080fbc865bc2ffef608c98	True	True	True	0.0	none
print	255	8109c72105f40e50e7a691a2fd2922bcbf916ad2ccd7b2b016ce71ffdd8664c5	8109c72105f40e50e7a691a2fd2922bcbf916ad2ccd7b2b016ce71ffdd8664c5	8109c72105f40e50e7a691a2fd2922bcbf916ad2ccd7b2b016ce71ffdd8664c5	True	True	True	0.0	none
print	256	43d6d1ad93c2bff4c0c9c957fbbd5d206bea16500106fe5d7635e45f9da66e87	ae709108b791fb1356b5bf465215c66f07f1990abb21ca8c9974ae7a5124f187	ae709108b791fb1356b5bf465215c66f07f1990abb21ca8c9974ae7a5124f187	False	True	True	0.0001490124074239009	[101, 617, 121, 625]
print	257	a32a6d4baec8644c55d41951385609752fe13c52b73ca4536d70eec1ec15224d	a32a6d4baec8644c55d41951385609752fe13c52b73ca4536d70eec1ec15224d	a32a6d4baec8644c55d41951385609752fe13c52b73ca4536d70eec1ec15224d	True	True	True	0.0	none
print	258	dffb7c0b72486844b0ca62808539428b3b64141e9c5f2f34a7672b2316935cf3	dffb7c0b72486844b0ca62808539428b3b64141e9c5f2f34a7672b2316935cf3	dffb7c0b72486844b0ca62808539428b3b64141e9c5f2f34a7672b2316935cf3	True	True	True	0.0	none
print	259	d19de42a6dec844e5fda44d56066123834054070e2c0e751cae36ff8232a8a60	d19de42a6dec844e5fda44d56066123834054070e2c0e751cae36ff8232a8a60	d19de42a6dec844e5fda44d56066123834054070e2c0e751cae36ff8232a8a60	True	True	True	0.0	none
print	260	70f0a2aefe0f2cb7104b83f307f4c2117715299b1ef2218c13e3b3e40a8ee8cc	70f0a2aefe0f2cb7104b83f307f4c2117715299b1ef2218c13e3b3e40a8ee8cc	70f0a2aefe0f2cb7104b83f307f4c2117715299b1ef2218c13e3b3e40a8ee8cc	True	True	True	0.0	none
print	261	6dd02de3dec537f39ea2f7501d8414b35fe5822c393aee03c2793935f1bd101c	6dd02de3dec537f39ea2f7501d8414b35fe5822c393aee03c2793935f1bd101c	6dd02de3dec537f39ea2f7501d8414b35fe5822c393aee03c2793935f1bd101c	True	True	True	0.0	none
print	262	57889d57ae9e278a0ccc8cd2d707f3add152feb6050083b72310bf121e2b7fcc	57889d57ae9e278a0ccc8cd2d707f3add152feb6050083b72310bf121e2b7fcc	57889d57ae9e278a0ccc8cd2d707f3add152feb6050083b72310bf121e2b7fcc	True	True	True	0.0	none
print	263	f85acebccff17be459df442339d9de09dc385243489ecb6a3e8c065ce3d8a334	f85acebccff17be459df442339d9de09dc385243489ecb6a3e8c065ce3d8a334	f85acebccff17be459df442339d9de09dc385243489ecb6a3e8c065ce3d8a334	True	True	True	0.0	none
print	264	74decf4aef16ba0832c0143b01043c64022d25a48a4af807b4ad3d4b12b73e03	74decf4aef16ba0832c0143b01043c64022d25a48a4af807b4ad3d4b12b73e03	74decf4aef16ba0832c0143b01043c64022d25a48a4af807b4ad3d4b12b73e03	True	True	True	0.0	none
print	265	ac94feb3a56f64b1f2e946f844222aca45764e214cca4f604e956a25fb6c3527	ac94feb3a56f64b1f2e946f844222aca45764e214cca4f604e956a25fb6c3527	ac94feb3a56f64b1f2e946f844222aca45764e214cca4f604e956a25fb6c3527	True	True	True	0.0	none
high	1	1ca05582ff5f65ba2d5f1118f2901760f7a135312934255bb3e85ea93cf3fd15	1ca05582ff5f65ba2d5f1118f2901760f7a135312934255bb3e85ea93cf3fd15	dd2b7fecb5230adc08482204dd64612bea84bdfc4290f1d8f93c5539f780b313	True	False	True	0.0	none
high	2	6cf19190b228b70ea2077e986698ccdef70f8491080c7276564818c9feedc8fe	6cf19190b228b70ea2077e986698ccdef70f8491080c7276564818c9feedc8fe	6cf19190b228b70ea2077e986698ccdef70f8491080c7276564818c9feedc8fe	True	True	True	0.0	none
high	3	f15d6afaf8ad2d848cfc88cff484d551f1957d8f59bbaffdf8b4c2f7b1ccb7aa	f15d6afaf8ad2d848cfc88cff484d551f1957d8f59bbaffdf8b4c2f7b1ccb7aa	f15d6afaf8ad2d848cfc88cff484d551f1957d8f59bbaffdf8b4c2f7b1ccb7aa	True	True	True	0.0	none
high	4	30ac6878133e0fc6d50336725230a89105c202989716cd0e264f15bd2aae3ebe	30ac6878133e0fc6d50336725230a89105c202989716cd0e264f15bd2aae3ebe	30ac6878133e0fc6d50336725230a89105c202989716cd0e264f15bd2aae3ebe	True	True	True	0.0	none
high	5	0dab29806dcc91efb794e9a7756d8f4ca186f68a2711d7b5b7d72c84549aac72	0dab29806dcc91efb794e9a7756d8f4ca186f68a2711d7b5b7d72c84549aac72	0dab29806dcc91efb794e9a7756d8f4ca186f68a2711d7b5b7d72c84549aac72	True	True	True	0.0	none
high	6	1f381dce302af7db5419e9034e41c235da2c924d17514036d4a256b4008afb3e	1f381dce302af7db5419e9034e41c235da2c924d17514036d4a256b4008afb3e	1f381dce302af7db5419e9034e41c235da2c924d17514036d4a256b4008afb3e	True	True	True	0.0	none
high	7	c25591135ce853f131eb1037b2bcaeef9009c5bbfef8be297461b60ae7a2dc7c	c25591135ce853f131eb1037b2bcaeef9009c5bbfef8be297461b60ae7a2dc7c	c25591135ce853f131eb1037b2bcaeef9009c5bbfef8be297461b60ae7a2dc7c	True	True	True	0.0	none
high	8	b0bc6467cde133b70be02276ec86848c6cac30219ef9248b782e50057e3ddee6	b0bc6467cde133b70be02276ec86848c6cac30219ef9248b782e50057e3ddee6	b0bc6467cde133b70be02276ec86848c6cac30219ef9248b782e50057e3ddee6	True	True	True	0.0	none
high	9	c1efacc686fcc62f8ff1bc87a2cd502f47f1c0d36afd99f88ae681c661e49ecb	f53a54c9bb7b0d403f18b97ae3b438abe34c17a0225259dbd97afbb964339af7	f53a54c9bb7b0d403f18b97ae3b438abe34c17a0225259dbd97afbb964339af7	False	True	True	0.00031515267777008926	[85, 67, 561, 79]
high	10	1c56897b200dcceba805555adc68c4ee564516e3636a5760036c67a751e09250	1c56897b200dcceba805555adc68c4ee564516e3636a5760036c67a751e09250	1c56897b200dcceba805555adc68c4ee564516e3636a5760036c67a751e09250	True	True	True	0.0	none
high	11	5ce5e6fdbbb5c05167139407473bdc26a8896553b5191bf51a876c239020af94	5ce5e6fdbbb5c05167139407473bdc26a8896553b5191bf51a876c239020af94	5ce5e6fdbbb5c05167139407473bdc26a8896553b5191bf51a876c239020af94	True	True	True	0.0	none
high	12	b14205341dcbceb71c4a59f08e9d7702cae45735f3da5d0b1445b4d2c3a4c023	b14205341dcbceb71c4a59f08e9d7702cae45735f3da5d0b1445b4d2c3a4c023	b14205341dcbceb71c4a59f08e9d7702cae45735f3da5d0b1445b4d2c3a4c023	True	True	True	0.0	none
high	13	f79453b6dadbc5d30cf7b80acb5ebfaca85f3c1612e46a33e8cf75be23ec315e	f79453b6dadbc5d30cf7b80acb5ebfaca85f3c1612e46a33e8cf75be23ec315e	f79453b6dadbc5d30cf7b80acb5ebfaca85f3c1612e46a33e8cf75be23ec315e	True	True	True	0.0	none
high	14	0ca4ca964a8f0c5879bc8e1f6c467631f32031a98e3e22ae5ea5eb0083ec6088	0ca4ca964a8f0c5879bc8e1f6c467631f32031a98e3e22ae5ea5eb0083ec6088	0ca4ca964a8f0c5879bc8e1f6c467631f32031a98e3e22ae5ea5eb0083ec6088	True	True	True	0.0	none
high	15	696995c8a4063b680b38dd5386efe7ce408403bc23614ed32bc5cc6359cacd84	696995c8a4063b680b38dd5386efe7ce408403bc23614ed32bc5cc6359cacd84	696995c8a4063b680b38dd5386efe7ce408403bc23614ed32bc5cc6359cacd84	True	True	True	0.0	none
high	16	8fc2df05306a4c57d799314ab262d9e7279f4f13bfd6fd33097b3ed7c2ad27ad	5b2fa2e56c6d44e33bfe7978d385d0ceec111dec73a219c94cad28254e50c218	5b2fa2e56c6d44e33bfe7978d385d0ceec111dec73a219c94cad28254e50c218	False	True	True	0.0006834017305992697	[401, 666, 451, 743]
high	17	5ed2d6ce4080a07ac9d74b18ffcfb626b29b5e5fedcdc013f61513e1be5f357a	5ed2d6ce4080a07ac9d74b18ffcfb626b29b5e5fedcdc013f61513e1be5f357a	5ed2d6ce4080a07ac9d74b18ffcfb626b29b5e5fedcdc013f61513e1be5f357a	True	True	True	0.0	none
high	18	1c01f020952332131da5d5c0687b31b93da19bd453c0366934255cbcc3e00133	1c01f020952332131da5d5c0687b31b93da19bd453c0366934255cbcc3e00133	1c01f020952332131da5d5c0687b31b93da19bd453c0366934255cbcc3e00133	True	True	True	0.0	none
high	19	2faa091758efe30a65be011ea679a003f317d0c165396d9ac444b1db07bf83f8	2faa091758efe30a65be011ea679a003f317d0c165396d9ac444b1db07bf83f8	2faa091758efe30a65be011ea679a003f317d0c165396d9ac444b1db07bf83f8	True	True	True	0.0	none
high	20	3cdd673f5c391e940901e58486520d5a31b9339c572c6eba438b4f29c55bf34a	fc559edc96102c2da015bca3dea2c058bfb8603135b78ae1b7b2039dd3cb3799	fc559edc96102c2da015bca3dea2c058bfb8603135b78ae1b7b2039dd3cb3799	False	True	True	0.00031515267777008926	[85, 67, 561, 79]
high	21	0f02da51edb279e622e9f6d5c861166658bb8cc6604181e4c38808db878655fc	0f02da51edb279e622e9f6d5c861166658bb8cc6604181e4c38808db878655fc	0f02da51edb279e622e9f6d5c861166658bb8cc6604181e4c38808db878655fc	True	True	True	0.0	none
high	22	49b860808f43b87c9b27567b5293d9e3254a47cb5b0cc180f206bac0ec4f75c9	126b5b668c711d356ed7b54ad9baa071ff6c011f78e94931e896babe07b40cbe	126b5b668c711d356ed7b54ad9baa071ff6c011f78e94931e896babe07b40cbe	False	True	True	0.0006285925692479498	[509, 512, 568, 672]
high	23	7c02799b96fda0bf44c0694f38e1af24da6a5b88400a7de8626bba2bafe5b6e4	7c02799b96fda0bf44c0694f38e1af24da6a5b88400a7de8626bba2bafe5b6e4	7c02799b96fda0bf44c0694f38e1af24da6a5b88400a7de8626bba2bafe5b6e4	True	True	True	0.0	none
high	24	194142bc248ab62c17064c85c72409eb182c6eaa362c04f424275da0cf1874c3	8e46cd8e5ba098a764d2ca3e44643d0e8478ac17ac31e1274d480d0e85e49358	8e46cd8e5ba098a764d2ca3e44643d0e8478ac17ac31e1274d480d0e85e49358	False	True	True	2.0553435506744953e-05	[538, 179, 541, 184]
high	25	888c0cbbf36012931b3f1ba0584d1f2193f41bbe42dd5d3def0db7eae8c1e8ae	b8037a796f96259e415c028cf75f3bb1077c189a7c9cd2a38e87d070d78da01a	b8037a796f96259e415c028cf75f3bb1077c189a7c9cd2a38e87d070d78da01a	False	True	True	0.00020210878248299203	[195, 500, 212, 510]
high	26	ea3ada8b0c1ce353ebe5ae110d408f3931c3dede88ae7cf72363474326cc1df2	443fa53c5fc3800833b8b3ff61e25876b5a06b9b83256f3478e3134aadc57241	443fa53c5fc3800833b8b3ff61e25876b5a06b9b83256f3478e3134aadc57241	False	True	True	0.0010088311261227314	[65, 166, 567, 341]
high	27	517b4d77d306260dd635fbf02e2c54015753e78cebca0ffc851bb4918da15855	af8345eb8ef41243e898edf70863bd7e481b9d19bdf69e040aeaf4894316b2a3	af8345eb8ef41243e898edf70863bd7e481b9d19bdf69e040aeaf4894316b2a3	False	True	True	0.003506073540192243	[60, 135, 566, 617]
high	28	a18860ef83a5907fb8350335d1b40d70a403741c64fc617e443907481f3bf834	a18860ef83a5907fb8350335d1b40d70a403741c64fc617e443907481f3bf834	a18860ef83a5907fb8350335d1b40d70a403741c64fc617e443907481f3bf834	True	True	True	0.0	none
high	29	64958debbe497d2a3b06a5c2db889f194e786ce0e05f00b352ce254624394304	64958debbe497d2a3b06a5c2db889f194e786ce0e05f00b352ce254624394304	64958debbe497d2a3b06a5c2db889f194e786ce0e05f00b352ce254624394304	True	True	True	0.0	none
high	30	67b6e7f18b17cba06a64f0b044defeb104af9739e6c109eaf29a5096b3bcb1f5	450a170d16d3b44e173dbdf766da8c6897ed1b75f0372fb9a3495568d413877c	450a170d16d3b44e173dbdf766da8c6897ed1b75f0372fb9a3495568d413877c	False	True	True	8.56393146114373e-06	[60, 760, 63, 763]
high	31	a6d3bce812a9f4837c3bef14b0cbf3cbebf48d58b717acc9786b4fb09201833f	52588814c6bdf89595afe7dba631bae4c1234ea69fef49bbb41e91401a7cf014	52588814c6bdf89595afe7dba631bae4c1234ea69fef49bbb41e91401a7cf014	False	True	True	0.001894341639204993	[62, 291, 581, 705]
high	32	742cf0eafa6c021f1b03b9d5f5b5f832a269246081809bb5f2360dd5c38c3f51	9fd7ff5db925b47e7067350aeb19c8f324e257a6ff3b95ea5640248bf94b92f0	9fd7ff5db925b47e7067350aeb19c8f324e257a6ff3b95ea5640248bf94b92f0	False	True	True	3.939408472126116e-05	[61, 761, 581, 792]
high	33	f079acd2863fbd175ed8b65dfd8d8a074ed98fc7561158f31955ce846779e6ba	d353d7700abf1dcb74e23da8466cfc3658fa7058e784678d3b4f064e7ad3b845	d353d7700abf1dcb74e23da8466cfc3658fa7058e784678d3b4f064e7ad3b845	False	True	True	0.0009505963921869541	[487, 615, 582, 631]
high	34	791b272dbb6f22af1516c700fa7d1a306c21a78d7f391811c44e8e8889d87ad9	7486b7c8e0d919855e1c69a77a9ef29afcea097caf019ece57a7de775672fa56	7486b7c8e0d919855e1c69a77a9ef29afcea097caf019ece57a7de775672fa56	False	True	True	0.0004350477182261015	[520, 388, 568, 714]
high	35	fb33cd357fcb2d8e2382c63cf0fc81fc26719808b51fbedc2a0490f0a90bd943	b65ddeb93ab7c5f59554cd2f6604f9b853f8354a27544ad05a0975fd283527a9	b65ddeb93ab7c5f59554cd2f6604f9b853f8354a27544ad05a0975fd283527a9	False	True	True	0.010276717753372477	[61, 452, 581, 650]
high	36	9f3a67a5087589349fbf2f084392db7cbbdc75925915a487c65377006a054309	de3df0cae153f1e64fbfa006d57b59da17479714801d613b44cb56678fb9a046	de3df0cae153f1e64fbfa006d57b59da17479714801d613b44cb56678fb9a046	False	True	True	4.9670802474633636e-05	[61, 587, 581, 685]
high	37	ac6682d79f337612b903ce4a675dfa7bf6f7a20fee79c4e3eca1810a5d19a6ab	ac6682d79f337612b903ce4a675dfa7bf6f7a20fee79c4e3eca1810a5d19a6ab	ac6682d79f337612b903ce4a675dfa7bf6f7a20fee79c4e3eca1810a5d19a6ab	True	True	True	0.0	none
high	38	520725c40b505928b5e90d0d55412918ec7f65c9e9b690b55c4e97c2301214a4	520725c40b505928b5e90d0d55412918ec7f65c9e9b690b55c4e97c2301214a4	520725c40b505928b5e90d0d55412918ec7f65c9e9b690b55c4e97c2301214a4	True	True	True	0.0	none
high	39	ce513a18783b6888f825ef83d8f79584ebd91bac93a74e32e47ab7a994e60ab5	4a5e74af50339b1fbc909ff7f5a38492f415aa61e2276a06338c456c4d963229	4a5e74af50339b1fbc909ff7f5a38492f415aa61e2276a06338c456c4d963229	False	True	True	0.00031515267777008926	[85, 67, 561, 79]
high	40	8dac11a195f5a13a851d51a14c5fcc88d67a61b19171dfef4b237772f77f3c0d	ac9545a9e433c0913f7c7a2e91988381231a1627adaf521963c3430f765dbaf4	ac9545a9e433c0913f7c7a2e91988381231a1627adaf521963c3430f765dbaf4	False	True	True	0.0002603435164187694	[466, 396, 488, 407]
high	41	c16aa5d6595da4e0364c8e4e070f05badeee04f72b40b307a33188b722d16ba6	c16aa5d6595da4e0364c8e4e070f05badeee04f72b40b307a33188b722d16ba6	c16aa5d6595da4e0364c8e4e070f05badeee04f72b40b307a33188b722d16ba6	True	True	True	0.0	none
high	42	77dda46d60a18af9177504d327f9b8e663d68a679899c7c58129a6671341074f	77dda46d60a18af9177504d327f9b8e663d68a679899c7c58129a6671341074f	77dda46d60a18af9177504d327f9b8e663d68a679899c7c58129a6671341074f	True	True	True	0.0	none
high	43	a4fc94d0d67bffe391bc645df124c06baedd04c6a824ea9837c5b01d31a80ea8	a4fc94d0d67bffe391bc645df124c06baedd04c6a824ea9837c5b01d31a80ea8	a4fc94d0d67bffe391bc645df124c06baedd04c6a824ea9837c5b01d31a80ea8	True	True	True	0.0	none
high	44	0ffc30ae694a9bffd2f24576a2b52414e9e2c6b4f8ca68452d911106f9e5085d	0ffc30ae694a9bffd2f24576a2b52414e9e2c6b4f8ca68452d911106f9e5085d	0ffc30ae694a9bffd2f24576a2b52414e9e2c6b4f8ca68452d911106f9e5085d	True	True	True	0.0	none
high	45	5dcf35d43db1c6d4df43ccabeb37c06204f5cae55131eaa2e28b841a9220adb7	5dcf35d43db1c6d4df43ccabeb37c06204f5cae55131eaa2e28b841a9220adb7	5dcf35d43db1c6d4df43ccabeb37c06204f5cae55131eaa2e28b841a9220adb7	True	True	True	0.0	none
high	46	67edcaecd5f167604f0413e5ed04381061d07de42dab8c72312ccbd43a73ef2c	c06008bb5636af824a1ad558de6cd58ad3441d2bc96663a9ce58c31828375706	c06008bb5636af824a1ad558de6cd58ad3441d2bc96663a9ce58c31828375706	False	True	True	0.00040079199238152657	[374, 138, 516, 608]
high	47	452da2d47bf722c75b54db028a9310d246c1b47db6b93be579d5eb3da2e93b6f	452da2d47bf722c75b54db028a9310d246c1b47db6b93be579d5eb3da2e93b6f	452da2d47bf722c75b54db028a9310d246c1b47db6b93be579d5eb3da2e93b6f	True	True	True	0.0	none
high	48	dc5c27bb7b0300549bab72e139f01591007794c047849f807cf501c1446c6ab5	dc5c27bb7b0300549bab72e139f01591007794c047849f807cf501c1446c6ab5	dc5c27bb7b0300549bab72e139f01591007794c047849f807cf501c1446c6ab5	True	True	True	0.0	none
high	49	76e72ede580517072b1df38704a9fc5084de104766ae8f6008ac1681ed9e4c3f	76e72ede580517072b1df38704a9fc5084de104766ae8f6008ac1681ed9e4c3f	76e72ede580517072b1df38704a9fc5084de104766ae8f6008ac1681ed9e4c3f	True	True	True	0.0	none
high	50	ca9054940c5b5670c0599ddcab7c01d8931cdbd0457433e0e289203415ddebe5	994fb11eadc3b1e5cd03b857e9366c9e90556408c54010dfd2dc5fdc7b819246	994fb11eadc3b1e5cd03b857e9366c9e90556408c54010dfd2dc5fdc7b819246	False	True	True	0.00021752385911305076	[317, 284, 337, 294]
high	51	7cec0ff48b201a1a77a96b19a9b2f0335f37abe8d4d6cac563d47cb0757d8598	7cec0ff48b201a1a77a96b19a9b2f0335f37abe8d4d6cac563d47cb0757d8598	7cec0ff48b201a1a77a96b19a9b2f0335f37abe8d4d6cac563d47cb0757d8598	True	True	True	0.0	none
high	52	95d833333e24848d8fa727c9bf2449fc96ed251322170dbd8cb05e263c5ee617	95d833333e24848d8fa727c9bf2449fc96ed251322170dbd8cb05e263c5ee617	95d833333e24848d8fa727c9bf2449fc96ed251322170dbd8cb05e263c5ee617	True	True	True	0.0	none
high	53	80a0b145648be48309be3524a3a6f7aeb0a930ba79729e22eaf6c71a1685b215	80a0b145648be48309be3524a3a6f7aeb0a930ba79729e22eaf6c71a1685b215	80a0b145648be48309be3524a3a6f7aeb0a930ba79729e22eaf6c71a1685b215	True	True	True	0.0	none
high	54	9958d87f33305c28affb8bcaede2ec094f7684001052486dbf8cc50e82f36f17	5baf532145ff30074194bb1a5f17219c8135d5d66815b3c32e7ff7ea639d7093	5baf532145ff30074194bb1a5f17219c8135d5d66815b3c32e7ff7ea639d7093	False	True	True	2.3979008091202444e-05	[147, 763, 376, 779]
high	55	d259eb77a898710fcd8dcb24415760bba51e9b6194b07db98278b13e2bf869cb	d259eb77a898710fcd8dcb24415760bba51e9b6194b07db98278b13e2bf869cb	d259eb77a898710fcd8dcb24415760bba51e9b6194b07db98278b13e2bf869cb	True	True	True	0.0	none
high	56	8e5e941e5bb39b91f0f924d2361017402a75fa5309694896f240302e7b5c8da2	8e5e941e5bb39b91f0f924d2361017402a75fa5309694896f240302e7b5c8da2	8e5e941e5bb39b91f0f924d2361017402a75fa5309694896f240302e7b5c8da2	True	True	True	0.0	none
high	57	60eca4590c30bc6d1b1f7e80b241c712b5472f25e0b0ab30c1496157d93c7e8b	60eca4590c30bc6d1b1f7e80b241c712b5472f25e0b0ab30c1496157d93c7e8b	60eca4590c30bc6d1b1f7e80b241c712b5472f25e0b0ab30c1496157d93c7e8b	True	True	True	0.0	none
high	58	ea17120cc6e7d82870113c3452d72dda37bca8f77cb3ae4a91210efadf0dd65f	cbe335ba6085f98d67533d474651c540421495b9fc2769ceeae3b9edda491c43	cbe335ba6085f98d67533d474651c540421495b9fc2769ceeae3b9edda491c43	False	True	True	0.0003682490528291804	[61, 295, 582, 673]
high	59	fd0212fbd8b2dabe898491273540395d63293dbc7925e39e4271ffe9f8c14235	fd0212fbd8b2dabe898491273540395d63293dbc7925e39e4271ffe9f8c14235	fd0212fbd8b2dabe898491273540395d63293dbc7925e39e4271ffe9f8c14235	True	True	True	0.0	none
high	60	fb33c24d735ddf4b408accdf77c29508a79b33e14111a7510dc5c8751f2b13b5	fb33c24d735ddf4b408accdf77c29508a79b33e14111a7510dc5c8751f2b13b5	fb33c24d735ddf4b408accdf77c29508a79b33e14111a7510dc5c8751f2b13b5	True	True	True	0.0	none
high	61	9c278c35809e87d3d1d2d94aa9bec5bea2e24a4c1d26eebde1ded555873c8de6	9c278c35809e87d3d1d2d94aa9bec5bea2e24a4c1d26eebde1ded555873c8de6	9c278c35809e87d3d1d2d94aa9bec5bea2e24a4c1d26eebde1ded555873c8de6	True	True	True	0.0	none
high	62	2939e09d6a066345263b475b6510b7b9773e8b1b8a46c278af50bc0fd3caecb0	2939e09d6a066345263b475b6510b7b9773e8b1b8a46c278af50bc0fd3caecb0	2939e09d6a066345263b475b6510b7b9773e8b1b8a46c278af50bc0fd3caecb0	True	True	True	0.0	none
high	63	fc4508ad97ac2eed6f9180f65f471129deac81bb8e9042d73eb12f7234a16deb	fc4508ad97ac2eed6f9180f65f471129deac81bb8e9042d73eb12f7234a16deb	fc4508ad97ac2eed6f9180f65f471129deac81bb8e9042d73eb12f7234a16deb	True	True	True	0.0	none
high	64	c16a9c566fc4338eaf81f56354fc608b5a3324b18355f139d090428f54085732	c16a9c566fc4338eaf81f56354fc608b5a3324b18355f139d090428f54085732	c16a9c566fc4338eaf81f56354fc608b5a3324b18355f139d090428f54085732	True	True	True	0.0	none
high	65	9c57d9e0801b180c58cfe37d1af22c779fa0026fdb2fb16fdc7712dc6e84c09d	263822345bec5102e3bb3030f0d4aaece2c784f993f57514ffee44da224007ca	263822345bec5102e3bb3030f0d4aaece2c784f993f57514ffee44da224007ca	False	True	True	0.0003870897020436966	[229, 587, 505, 629]
high	66	3f60f5ad929f5c94b9e73a7a62c874069953b022612123222fed47db6dfacb0d	3f60f5ad929f5c94b9e73a7a62c874069953b022612123222fed47db6dfacb0d	3f60f5ad929f5c94b9e73a7a62c874069953b022612123222fed47db6dfacb0d	True	True	True	0.0	none
high	67	c9d10fe60463bcfbd95b85a5dba4078941fe7c78c6b9ea448ad8318a3cb2a9f6	c9d10fe60463bcfbd95b85a5dba4078941fe7c78c6b9ea448ad8318a3cb2a9f6	c9d10fe60463bcfbd95b85a5dba4078941fe7c78c6b9ea448ad8318a3cb2a9f6	True	True	True	0.0	none
high	68	125dcbaafcf2d4b963d8c0804a2c404fd8509f91ce9d8884e799791f3fdfaecf	125dcbaafcf2d4b963d8c0804a2c404fd8509f91ce9d8884e799791f3fdfaecf	125dcbaafcf2d4b963d8c0804a2c404fd8509f91ce9d8884e799791f3fdfaecf	True	True	True	0.0	none
high	69	5827006e343725cce9c5e0b0e5c2515c79faa1138083bb858bdb7df161e4fbf7	5827006e343725cce9c5e0b0e5c2515c79faa1138083bb858bdb7df161e4fbf7	5827006e343725cce9c5e0b0e5c2515c79faa1138083bb858bdb7df161e4fbf7	True	True	True	0.0	none
high	70	ae76388f85245fa89e5da5ad1e9d5bbf72ea4edce15c8a534ab764a792f8d352	ae76388f85245fa89e5da5ad1e9d5bbf72ea4edce15c8a534ab764a792f8d352	ae76388f85245fa89e5da5ad1e9d5bbf72ea4edce15c8a534ab764a792f8d352	True	True	True	0.0	none
high	71	2bddcc7be52a1c8ec1d5aab35fa26c27a05df2121f9cb078123118a94d4c7f83	2bddcc7be52a1c8ec1d5aab35fa26c27a05df2121f9cb078123118a94d4c7f83	2bddcc7be52a1c8ec1d5aab35fa26c27a05df2121f9cb078123118a94d4c7f83	True	True	True	0.0	none
high	72	15c42cbd3ca64e97fd8a43d4b38883195c66ffb6c7f839fee64c71c3c5dc8d29	15c42cbd3ca64e97fd8a43d4b38883195c66ffb6c7f839fee64c71c3c5dc8d29	15c42cbd3ca64e97fd8a43d4b38883195c66ffb6c7f839fee64c71c3c5dc8d29	True	True	True	0.0	none
high	73	0642b0616e3887857aae7d4e4952c89e29aabb8518bba6bd62fa89f3c6de6c82	a44b5582fb4d35a7d2398436258ef7c1f45e9b96eec00b9bd09c2498c61a9755	a44b5582fb4d35a7d2398436258ef7c1f45e9b96eec00b9bd09c2498c61a9755	False	True	True	0.00031515267777008926	[85, 67, 561, 79]
high	74	ddae8f86e4002adc1aed8b4e415c30516390cea2fb505e7abb3a994a70322f86	bf04f0e7d139bef612d2fb3f4394b03618007293a37bac71ba549127cda7a0d3	bf04f0e7d139bef612d2fb3f4394b03618007293a37bac71ba549127cda7a0d3	False	True	True	0.0001490124074239009	[61, 752, 581, 784]
high	75	4aceac47deed098e1e70e841144676ded7b5c443277ce2b44e62e4f54794d84b	9a433e684d4cc0e9be1ed591e721a3903cb48f8b93d29d2af4773406421a55c6	9a433e684d4cc0e9be1ed591e721a3903cb48f8b93d29d2af4773406421a55c6	False	True	True	0.0044189886339501645	[61, 574, 582, 725]
high	76	06367d1453db34a3ef939595b712622572ee860a8faba6d8b69c088a4d93432d	bd8dcedeff50f23eff5d81e5acf50dcb1cd48d323931888b6bea10278ecb2748	bd8dcedeff50f23eff5d81e5acf50dcb1cd48d323931888b6bea10278ecb2748	False	True	True	0.003142962846239749	[62, 508, 581, 715]
high	77	55633624ec231cbeaa45d5dd41416ae55945353cca0e1343beff80c91e90b25a	55633624ec231cbeaa45d5dd41416ae55945353cca0e1343beff80c91e90b25a	55633624ec231cbeaa45d5dd41416ae55945353cca0e1343beff80c91e90b25a	True	True	True	0.0	none
high	78	e67b56d70118bac9d0e23aaeeb7a2947b5589d36707ab4257c08ff13721be86e	e67b56d70118bac9d0e23aaeeb7a2947b5589d36707ab4257c08ff13721be86e	e67b56d70118bac9d0e23aaeeb7a2947b5589d36707ab4257c08ff13721be86e	True	True	True	0.0	none
high	79	70d9b9604faa208c033ba3affa7bf2854682cbb74b49c0ff83b11d65fd07bed8	44bc477012d33e00b7e351c3f8498fc0edef233d2bef05aad2d7882bae969461	44bc477012d33e00b7e351c3f8498fc0edef233d2bef05aad2d7882bae969461	False	True	True	3.939408472126116e-05	[577, 511, 584, 523]
high	80	f92a929f1ad4b8160467b7703f41567d70d67123848d048fe9a27c3252b8c0db	225775c4a037b8b64d96a49ccf66319eb6b4841259449ee4b8f7565d8afd269d	225775c4a037b8b64d96a49ccf66319eb6b4841259449ee4b8f7565d8afd269d	False	True	True	0.0027935544426250848	[266, 514, 557, 532]
high	81	b3906c18f8879feb411fba8b6d50c55019c3e8f68fed93858a74c26835481b3b	b3906c18f8879feb411fba8b6d50c55019c3e8f68fed93858a74c26835481b3b	b3906c18f8879feb411fba8b6d50c55019c3e8f68fed93858a74c26835481b3b	True	True	True	0.0	none
high	82	654e457b0d5cb44dfb3c42e1ce572c76fb949c64e90e439365a574862e4c1bdf	5617e6bcad3cfa3f2206853ec98cf61acb910b92f955f282fff27a0bec41a2e9	5617e6bcad3cfa3f2206853ec98cf61acb910b92f955f282fff27a0bec41a2e9	False	True	True	0.016954871506772357	[61, 794, 582, 813]
high	83	0bc25f11fee77f65ddf608e5c9c564c635328e81ea041daf96d2dbfc7d1cc438	530b50a032bb786ca2686b52085c760db466a99a21fce3e8d726d48ec23b25e7	530b50a032bb786ca2686b52085c760db466a99a21fce3e8d726d48ec23b25e7	False	True	True	0.17181815690492666	[60, 74, 584, 812]
high	84	f269e29a56cb3933af0681bf8a64ec727908201df0fdb541154951ec1e33bcb8	ef52eb66fe7274d878b7812bae1a0e306308dd2482f97a1e10bef2d25de8eee1	ef52eb66fe7274d878b7812bae1a0e306308dd2482f97a1e10bef2d25de8eee1	False	True	True	0.06337138002617138	[61, 318, 582, 824]
high	85	bd6245893c2ca1f3267da0d495510eb1af8783757181e41fe8af67acbf209782	73f7c2d9924ac72e087ef046c8d28916606fd160442398185f2c82300f09f1b1	73f7c2d9924ac72e087ef046c8d28916606fd160442398185f2c82300f09f1b1	False	True	True	0.3249618048656833	[60, 72, 582, 786]
high	86	20299b982d265489154be6ff9e0942c55081eb0a43259ce816acecc9c91d4ca5	42d9e2717341cfe3e93d8fdff3738e45cf27e07ea92d6ff9e09cee2d73f801d6	42d9e2717341cfe3e93d8fdff3738e45cf27e07ea92d6ff9e09cee2d73f801d6	False	True	True	0.17773069518570028	[60, 72, 582, 819]
high	87	3638c44b08ac16ca60b5e3760025317e6588298bc359709f9473f23a71fc9eed	61482a7411010c3b53711d66f40be89cbb86ec11e7a7fd4475c8051624190ae3	61482a7411010c3b53711d66f40be89cbb86ec11e7a7fd4475c8051624190ae3	False	True	True	0.11321688670261235	[59, 76, 584, 825]
high	88	c18396afb97553615c8eaf217b5ea67996e36c0563fae68655570d8aaf33b85b	fb99095d2247d0bf115f6f05b64b33b0128ad3467c3633aec52a81b9bf481304	fb99095d2247d0bf115f6f05b64b33b0128ad3467c3633aec52a81b9bf481304	False	True	True	0.04366577373407965	[60, 77, 582, 334]
high	89	5aca54f233e8a149e977cc986d3175b8d33219e393a07ea73485d167752e2344	4d29e43480ba615cef8f9c430c668819eaa21de581973081fabc46a673655ea9	4d29e43480ba615cef8f9c430c668819eaa21de581973081fabc46a673655ea9	False	True	True	0.00031515267777008926	[85, 67, 561, 79]
high	90	9c4e51565f449e5f03f839de38acbe6227dbdd60ec59dd550ff74d072d19abe5	9c4e51565f449e5f03f839de38acbe6227dbdd60ec59dd550ff74d072d19abe5	9c4e51565f449e5f03f839de38acbe6227dbdd60ec59dd550ff74d072d19abe5	True	True	True	0.0	none
high	91	180161f138ff7b4bf7a644ea870b5999db7472298ee656a0289055cdc4ca29dc	180161f138ff7b4bf7a644ea870b5999db7472298ee656a0289055cdc4ca29dc	180161f138ff7b4bf7a644ea870b5999db7472298ee656a0289055cdc4ca29dc	True	True	True	0.0	none
high	92	8a194550db83832dcea3094fd2bf05539d2ec4a4218694b7903437fc22121de0	8a194550db83832dcea3094fd2bf05539d2ec4a4218694b7903437fc22121de0	8a194550db83832dcea3094fd2bf05539d2ec4a4218694b7903437fc22121de0	True	True	True	0.0	none
high	93	feb2e5ddca49379a27f2448b4405e2d0e948c2d5381250d6a090a2e0311a7614	feb2e5ddca49379a27f2448b4405e2d0e948c2d5381250d6a090a2e0311a7614	feb2e5ddca49379a27f2448b4405e2d0e948c2d5381250d6a090a2e0311a7614	True	True	True	0.0	none
high	94	498bae69fc32a2cec1167af3a4a555e7381e578f5571ece98684de67d34d2821	498bae69fc32a2cec1167af3a4a555e7381e578f5571ece98684de67d34d2821	498bae69fc32a2cec1167af3a4a555e7381e578f5571ece98684de67d34d2821	True	True	True	0.0	none
high	95	877cafd4a113142e5d0d470051ca026b7e7257ac4e13a91551a9f7414388115e	877cafd4a113142e5d0d470051ca026b7e7257ac4e13a91551a9f7414388115e	877cafd4a113142e5d0d470051ca026b7e7257ac4e13a91551a9f7414388115e	True	True	True	0.0	none
high	96	2a38b309ba8377c49dd3050847a47b8d2b08e30b1ab3c0b888d5a0b8a1524f50	2a38b309ba8377c49dd3050847a47b8d2b08e30b1ab3c0b888d5a0b8a1524f50	2a38b309ba8377c49dd3050847a47b8d2b08e30b1ab3c0b888d5a0b8a1524f50	True	True	True	0.0	none
high	97	32197db91ba8486f3f720ad9b34e9ca9f876c8b95de56a5f6f0b265afde2e2c8	32197db91ba8486f3f720ad9b34e9ca9f876c8b95de56a5f6f0b265afde2e2c8	32197db91ba8486f3f720ad9b34e9ca9f876c8b95de56a5f6f0b265afde2e2c8	True	True	True	0.0	none
high	98	eef59895871d1ccd9b2d4fb2fcd3165394666ecd1326a951c42daff143d0139d	eef59895871d1ccd9b2d4fb2fcd3165394666ecd1326a951c42daff143d0139d	eef59895871d1ccd9b2d4fb2fcd3165394666ecd1326a951c42daff143d0139d	True	True	True	0.0	none
high	99	6b24a0cd60034f1d30246822f211b2ad20f37c756597f4174c32474d04af43f1	6b24a0cd60034f1d30246822f211b2ad20f37c756597f4174c32474d04af43f1	6b24a0cd60034f1d30246822f211b2ad20f37c756597f4174c32474d04af43f1	True	True	True	0.0	none
high	100	656d8a9fe6c0a252cffe52ba4054ca6a46b45c1184c4a75892c5686e29664d4f	656d8a9fe6c0a252cffe52ba4054ca6a46b45c1184c4a75892c5686e29664d4f	656d8a9fe6c0a252cffe52ba4054ca6a46b45c1184c4a75892c5686e29664d4f	True	True	True	0.0	none
high	101	c17297cca2375a7e25f6a309aca19bc972e07b717a7dad7542a1ea9408d0db5f	c17297cca2375a7e25f6a309aca19bc972e07b717a7dad7542a1ea9408d0db5f	c17297cca2375a7e25f6a309aca19bc972e07b717a7dad7542a1ea9408d0db5f	True	True	True	0.0	none
high	102	770b67bcb4c1358fbbb7d138b42976f1448c04eb4a82816cc041ea7ff4b32ccc	770b67bcb4c1358fbbb7d138b42976f1448c04eb4a82816cc041ea7ff4b32ccc	770b67bcb4c1358fbbb7d138b42976f1448c04eb4a82816cc041ea7ff4b32ccc	True	True	True	0.0	none
high	103	2873c73f0b4eaea2b43d2c760bdf8934b69421c381a5d0fb66c14d104e0d8d52	2873c73f0b4eaea2b43d2c760bdf8934b69421c381a5d0fb66c14d104e0d8d52	2873c73f0b4eaea2b43d2c760bdf8934b69421c381a5d0fb66c14d104e0d8d52	True	True	True	0.0	none
high	104	c14a170c5053a4d8a1c684c988f9e402f84f38275c3772ec9e4fda97f102036c	3c02526518a0b9a4e5b781c97aa94e419093404202ff8195e3c2b4d78844910f	3c02526518a0b9a4e5b781c97aa94e419093404202ff8195e3c2b4d78844910f	False	True	True	1.1989504045601222e-05	[576, 677, 582, 682]
high	105	89450a0db6711764d619605f8f8c6f62bc643a6dcc110eff19da8d3d9fd9459c	89450a0db6711764d619605f8f8c6f62bc643a6dcc110eff19da8d3d9fd9459c	89450a0db6711764d619605f8f8c6f62bc643a6dcc110eff19da8d3d9fd9459c	True	True	True	0.0	none
high	106	b6b1a04b182d25a9d95013f69b21d88f65c960c2e5f7861b4b4c49a2c56d6e69	b6b1a04b182d25a9d95013f69b21d88f65c960c2e5f7861b4b4c49a2c56d6e69	b6b1a04b182d25a9d95013f69b21d88f65c960c2e5f7861b4b4c49a2c56d6e69	True	True	True	0.0	none
high	107	57cbf684a4c72552e40f4669993256c47b1fe544823b375fadc55804fb83e009	57cbf684a4c72552e40f4669993256c47b1fe544823b375fadc55804fb83e009	57cbf684a4c72552e40f4669993256c47b1fe544823b375fadc55804fb83e009	True	True	True	0.0	none
high	108	b2b5b918d715ed12c329c5ddb5ad6bb3564d3d376d6c8eaca5bb61dadc3a8caf	b2b5b918d715ed12c329c5ddb5ad6bb3564d3d376d6c8eaca5bb61dadc3a8caf	b2b5b918d715ed12c329c5ddb5ad6bb3564d3d376d6c8eaca5bb61dadc3a8caf	True	True	True	0.0	none
high	109	8f5cace180f7494cc98dcbecd77da3a45ed37044f11834b3ff176eca4af06429	8f5cace180f7494cc98dcbecd77da3a45ed37044f11834b3ff176eca4af06429	8f5cace180f7494cc98dcbecd77da3a45ed37044f11834b3ff176eca4af06429	True	True	True	0.0	none
high	110	4e066957651e66e2a7f4506a2a1970845d1651d349f62538ea827b1d6b3ccc95	4e066957651e66e2a7f4506a2a1970845d1651d349f62538ea827b1d6b3ccc95	4e066957651e66e2a7f4506a2a1970845d1651d349f62538ea827b1d6b3ccc95	True	True	True	0.0	none
high	111	d97996af9d6a67874e49a22a225d8973daf04e126871ea586e252431a87133d2	d97996af9d6a67874e49a22a225d8973daf04e126871ea586e252431a87133d2	d97996af9d6a67874e49a22a225d8973daf04e126871ea586e252431a87133d2	True	True	True	0.0	none
high	112	cd91a8bb89846edf283c9de132f94830130f73aaeee21dff6b7eacb5b62fc2ac	cd91a8bb89846edf283c9de132f94830130f73aaeee21dff6b7eacb5b62fc2ac	cd91a8bb89846edf283c9de132f94830130f73aaeee21dff6b7eacb5b62fc2ac	True	True	True	0.0	none
high	113	0654986de908e6f30f7952f069d96fcfbe268c1e93c551ece6b6c560672da65a	0654986de908e6f30f7952f069d96fcfbe268c1e93c551ece6b6c560672da65a	0654986de908e6f30f7952f069d96fcfbe268c1e93c551ece6b6c560672da65a	True	True	True	0.0	none
high	114	fc72deee4c1887d31829caeaab3e7f0236bd75ef05831dda3776aa1af591c399	d33627056db8d348632f4e0e2422b49eae40e0e130526318ebffe0ff526d9785	d33627056db8d348632f4e0e2422b49eae40e0e130526318ebffe0ff526d9785	False	True	True	0.0005994752022800611	[96, 624, 557, 635]
high	115	9ec3d7e9f678d059a06d95ff71a54169fcc5b82f1f7d103798d2bfb539d6212b	9ec3d7e9f678d059a06d95ff71a54169fcc5b82f1f7d103798d2bfb539d6212b	9ec3d7e9f678d059a06d95ff71a54169fcc5b82f1f7d103798d2bfb539d6212b	True	True	True	0.0	none
high	116	9a9f239f66a442951646e00bdc1aae9b40c3bb3baff4db24d03154a1d787ac8d	9a9f239f66a442951646e00bdc1aae9b40c3bb3baff4db24d03154a1d787ac8d	9a9f239f66a442951646e00bdc1aae9b40c3bb3baff4db24d03154a1d787ac8d	True	True	True	0.0	none
high	117	c1882b27eee5bd8985965ea50f1fd03fc2b711511d047b46ff9ab5416475ffe7	c1882b27eee5bd8985965ea50f1fd03fc2b711511d047b46ff9ab5416475ffe7	c1882b27eee5bd8985965ea50f1fd03fc2b711511d047b46ff9ab5416475ffe7	True	True	True	0.0	none
high	118	c6ff92a1c922944a3235fa936a5cfbea046f0610fbd6836e7d9fd7d1580f1cc8	c6ff92a1c922944a3235fa936a5cfbea046f0610fbd6836e7d9fd7d1580f1cc8	c6ff92a1c922944a3235fa936a5cfbea046f0610fbd6836e7d9fd7d1580f1cc8	True	True	True	0.0	none
high	119	f933204fa66dcd81c4abfa5a7942ee81f9189aa3e1c553792660c037419175a6	f933204fa66dcd81c4abfa5a7942ee81f9189aa3e1c553792660c037419175a6	f933204fa66dcd81c4abfa5a7942ee81f9189aa3e1c553792660c037419175a6	True	True	True	0.0	none
high	120	a72f11bece2188c2da8eac4f7b91ebcf94d49407ea80c9d889b4707a20d06c07	a72f11bece2188c2da8eac4f7b91ebcf94d49407ea80c9d889b4707a20d06c07	a72f11bece2188c2da8eac4f7b91ebcf94d49407ea80c9d889b4707a20d06c07	True	True	True	0.0	none
high	121	bb7cb3236438a8c2a8abbf686ee972b600c553d17a7844fef0e35d2bbdda01e5	9ea92799f5cd3c228251d5e2dd1a7243f65acaaa04b6b4fd3c290033a4c44b8b	9ea92799f5cd3c228251d5e2dd1a7243f65acaaa04b6b4fd3c290033a4c44b8b	False	True	True	0.004833482916669522	[76, 480, 566, 495]
high	122	1037860c58ed455f93ce310acefff146b364f634d3f856204bae04adf67a4ff1	1da26683ec03474d7e62b03415379d7c55a0293765d62573788ad81b176353cd	1da26683ec03474d7e62b03415379d7c55a0293765d62573788ad81b176353cd	False	True	True	0.0009163406663423791	[61, 591, 582, 695]
high	123	ef5d51f0c8cb1a0b99d6973ca8e3b54016d5904f2bb24d05a1abd65337e912b3	ef5d51f0c8cb1a0b99d6973ca8e3b54016d5904f2bb24d05a1abd65337e912b3	ef5d51f0c8cb1a0b99d6973ca8e3b54016d5904f2bb24d05a1abd65337e912b3	True	True	True	0.0	none
high	124	e2b82f17b6af06e8868431015e9f3359e323d23dc3f895bffd7b70ab8109987a	ec5993cb62bb8cc733c21bfdc942d23cec4281dce3b7f62fa09425452302927a	ec5993cb62bb8cc733c21bfdc942d23cec4281dce3b7f62fa09425452302927a	False	True	True	0.019488082432978674	[60, 299, 582, 764]
high	125	4a09dd99cb98cd0e451fa86aa692e67d9e4905a0a8996037804b1345fbbfaa26	4a09dd99cb98cd0e451fa86aa692e67d9e4905a0a8996037804b1345fbbfaa26	4a09dd99cb98cd0e451fa86aa692e67d9e4905a0a8996037804b1345fbbfaa26	True	True	True	0.0	none
high	126	0cbf1d83451e1706fea87dc3ef24d927b0c70448a3a952730b9909282da5b87e	0cbf1d83451e1706fea87dc3ef24d927b0c70448a3a952730b9909282da5b87e	0cbf1d83451e1706fea87dc3ef24d927b0c70448a3a952730b9909282da5b87e	True	True	True	0.0	none
high	127	f815f597587653e7a32b82bbca8b3a37ba8a7a83615956f82d1d5bf67a0c1189	ac9b248860484cfdb3479343cc318d16d01d327d5d793b98f95df02900e8827b	ac9b248860484cfdb3479343cc318d16d01d327d5d793b98f95df02900e8827b	False	True	True	0.00031515267777008926	[85, 67, 561, 79]
high	128	ef958bb352fa481cc032d230251b5a7a1932a64b96aa71ce39691f6497fa66af	ef958bb352fa481cc032d230251b5a7a1932a64b96aa71ce39691f6497fa66af	ef958bb352fa481cc032d230251b5a7a1932a64b96aa71ce39691f6497fa66af	True	True	True	0.0	none
high	129	94464edc17ba22637ab7af9e32b2f94b28dc79900906e625a48c68f6142850bb	94464edc17ba22637ab7af9e32b2f94b28dc79900906e625a48c68f6142850bb	94464edc17ba22637ab7af9e32b2f94b28dc79900906e625a48c68f6142850bb	True	True	True	0.0	none
high	130	28a1100bafa5cdc2766e179826a0005534c5b08e197bb54db3ceed8fd595cd98	28a1100bafa5cdc2766e179826a0005534c5b08e197bb54db3ceed8fd595cd98	28a1100bafa5cdc2766e179826a0005534c5b08e197bb54db3ceed8fd595cd98	True	True	True	0.0	none
high	131	216918c723f65420b5429b9cfa29d6cad83cfad8779743891dec40991d505047	216918c723f65420b5429b9cfa29d6cad83cfad8779743891dec40991d505047	216918c723f65420b5429b9cfa29d6cad83cfad8779743891dec40991d505047	True	True	True	0.0	none
high	132	5173a1362c38c9d7dafa30b186f1f792f8daff9363ab3e018d90c7e5f8d6429d	b8cdf6ac4b3cc0ec16f114f435c4eff725762630bcc90a60e7a7cb19a97a14d0	b8cdf6ac4b3cc0ec16f114f435c4eff725762630bcc90a60e7a7cb19a97a14d0	False	True	True	7.022423798137859e-05	[244, 172, 250, 181]
high	133	d22f3ed4bd9debf6807e6cf88f5c5f1a342096bb9f96987e124c2370ff9cb29b	d22f3ed4bd9debf6807e6cf88f5c5f1a342096bb9f96987e124c2370ff9cb29b	d22f3ed4bd9debf6807e6cf88f5c5f1a342096bb9f96987e124c2370ff9cb29b	True	True	True	0.0	none
high	134	76d28c924cdafb7e5ffa8f61576d0fcd7fa900158764a8318ca4c75d3c8d4e47	76d28c924cdafb7e5ffa8f61576d0fcd7fa900158764a8318ca4c75d3c8d4e47	76d28c924cdafb7e5ffa8f61576d0fcd7fa900158764a8318ca4c75d3c8d4e47	True	True	True	0.0	none
high	135	da8e9c7d8b3e8fd40374b4bf862769697d1229222e84575bf255325ab6839b5c	da8e9c7d8b3e8fd40374b4bf862769697d1229222e84575bf255325ab6839b5c	da8e9c7d8b3e8fd40374b4bf862769697d1229222e84575bf255325ab6839b5c	True	True	True	0.0	none
high	136	f267ca8eecce5dec2070d77f3ee1c63819a91d86573309fea89d018acd4d3df2	f267ca8eecce5dec2070d77f3ee1c63819a91d86573309fea89d018acd4d3df2	f267ca8eecce5dec2070d77f3ee1c63819a91d86573309fea89d018acd4d3df2	True	True	True	0.0	none
high	137	e2483406b4b19b866fa1a98bfe4f6dbd89b4d366d86172583782394c5e24fcbf	e2483406b4b19b866fa1a98bfe4f6dbd89b4d366d86172583782394c5e24fcbf	e2483406b4b19b866fa1a98bfe4f6dbd89b4d366d86172583782394c5e24fcbf	True	True	True	0.0	none
high	138	367a2a4b07fda999a211d087887626ee8bc33c2b7ffe3a93c82c9b6d2a3fa779	367a2a4b07fda999a211d087887626ee8bc33c2b7ffe3a93c82c9b6d2a3fa779	367a2a4b07fda999a211d087887626ee8bc33c2b7ffe3a93c82c9b6d2a3fa779	True	True	True	0.0	none
high	139	76bf6cb4bda5e95abfc2925a3f7675679d0c784539c34fbb4f2b6cb8ee6285b7	76bf6cb4bda5e95abfc2925a3f7675679d0c784539c34fbb4f2b6cb8ee6285b7	76bf6cb4bda5e95abfc2925a3f7675679d0c784539c34fbb4f2b6cb8ee6285b7	True	True	True	0.0	none
high	140	d37d6e4cb32f7fc72e93e13e1e48e10005bb1ad90e6a0512aa56e36ceb5d7bc8	d37d6e4cb32f7fc72e93e13e1e48e10005bb1ad90e6a0512aa56e36ceb5d7bc8	d37d6e4cb32f7fc72e93e13e1e48e10005bb1ad90e6a0512aa56e36ceb5d7bc8	True	True	True	0.0	none
high	141	07db40db596b9d2ec3c0aaa7e7d2cad23353296a1daa453c3601be4d317be4e2	1e715fadd03fe9b137ef1ee175ae8cec75b2600ad10fb1aa5b72d247e989463e	1e715fadd03fe9b137ef1ee175ae8cec75b2600ad10fb1aa5b72d247e989463e	False	True	True	0.0017710210261645235	[62, 661, 581, 668]
high	142	904c4c6517a72995906c102d70f06d87dd1c1efbc6652c0d1425ae9f007387a6	904c4c6517a72995906c102d70f06d87dd1c1efbc6652c0d1425ae9f007387a6	904c4c6517a72995906c102d70f06d87dd1c1efbc6652c0d1425ae9f007387a6	True	True	True	0.0	none
high	143	1e0e68de3b51505d06dea80bf4083d615de4ce1312bd093f2be52cec8211b400	1e0e68de3b51505d06dea80bf4083d615de4ce1312bd093f2be52cec8211b400	1e0e68de3b51505d06dea80bf4083d615de4ce1312bd093f2be52cec8211b400	True	True	True	0.0	none
high	144	35d765501d89805f1b5e1195d373fe816febf576f84e25aade31f5eeadfa2756	35d765501d89805f1b5e1195d373fe816febf576f84e25aade31f5eeadfa2756	35d765501d89805f1b5e1195d373fe816febf576f84e25aade31f5eeadfa2756	True	True	True	0.0	none
high	145	0bca831f6acf5756d0366cf3edc64f9cf2f079948866d8ce77927e47cc641227	0bca831f6acf5756d0366cf3edc64f9cf2f079948866d8ce77927e47cc641227	0bca831f6acf5756d0366cf3edc64f9cf2f079948866d8ce77927e47cc641227	True	True	True	0.0	none
high	146	4de676a2d44b6a7855a1dabe47cf7b0704b7e5162d707eb6f2874e0d9828869c	4de676a2d44b6a7855a1dabe47cf7b0704b7e5162d707eb6f2874e0d9828869c	4de676a2d44b6a7855a1dabe47cf7b0704b7e5162d707eb6f2874e0d9828869c	True	True	True	0.0	none
high	147	23f693569e817bad9a6e48ce9e0adff612e5a9aec72896b707264ccecac277e6	23f693569e817bad9a6e48ce9e0adff612e5a9aec72896b707264ccecac277e6	23f693569e817bad9a6e48ce9e0adff612e5a9aec72896b707264ccecac277e6	True	True	True	0.0	none
high	148	50107404ec6a636ffe045ee6b5a2bf541b8e3ce7b5bbc4dffae8ac5d74e760b2	52a22ec8ac5d9e872ce274bd14d1fb8382e904496c0901c42a17e047ef8a1011	52a22ec8ac5d9e872ce274bd14d1fb8382e904496c0901c42a17e047ef8a1011	False	True	True	2.0553435506744953e-05	[562, 762, 568, 768]
high	149	6741eaccd88abf2bf29b3f1b29fb2df4cffe716d8e3f7d9c97e1881c6ed02eb7	6741eaccd88abf2bf29b3f1b29fb2df4cffe716d8e3f7d9c97e1881c6ed02eb7	6741eaccd88abf2bf29b3f1b29fb2df4cffe716d8e3f7d9c97e1881c6ed02eb7	True	True	True	0.0	none
high	150	cadf6c55e9c42d066253bb3d96f91806ca944ea71dd12dca61e65700abe5cdad	cadf6c55e9c42d066253bb3d96f91806ca944ea71dd12dca61e65700abe5cdad	cadf6c55e9c42d066253bb3d96f91806ca944ea71dd12dca61e65700abe5cdad	True	True	True	0.0	none
high	151	20610d06e838be0140d96de2f1160a7af40ef9e0456ada3dfc4f22d1e07ac4f0	20610d06e838be0140d96de2f1160a7af40ef9e0456ada3dfc4f22d1e07ac4f0	20610d06e838be0140d96de2f1160a7af40ef9e0456ada3dfc4f22d1e07ac4f0	True	True	True	0.0	none
high	152	2acfc141d1beabbdb6bb09d5d1bb8b2e70326bd250b27dd2878542c11934c719	2acfc141d1beabbdb6bb09d5d1bb8b2e70326bd250b27dd2878542c11934c719	2acfc141d1beabbdb6bb09d5d1bb8b2e70326bd250b27dd2878542c11934c719	True	True	True	0.0	none
high	153	1df2f46490bd551b534a79d7387671f09e25ec17a5ab6261b8a53aae89544602	1df2f46490bd551b534a79d7387671f09e25ec17a5ab6261b8a53aae89544602	1df2f46490bd551b534a79d7387671f09e25ec17a5ab6261b8a53aae89544602	True	True	True	0.0	none
high	154	d5d2f748612b35b6789fc4b534ca06d89415784bdad8e336a9b298fa7b3035bb	d5d2f748612b35b6789fc4b534ca06d89415784bdad8e336a9b298fa7b3035bb	d5d2f748612b35b6789fc4b534ca06d89415784bdad8e336a9b298fa7b3035bb	True	True	True	0.0	none
high	155	b21d15311d9d2c33ebf1fe27fec56a1f752c8c247595584f75f9d165a22bea7b	b21d15311d9d2c33ebf1fe27fec56a1f752c8c247595584f75f9d165a22bea7b	b21d15311d9d2c33ebf1fe27fec56a1f752c8c247595584f75f9d165a22bea7b	True	True	True	0.0	none
high	156	58c03c5d1432417b1e62abc75adc3ec89911b180ed2c676001a2eae7053fc193	58c03c5d1432417b1e62abc75adc3ec89911b180ed2c676001a2eae7053fc193	58c03c5d1432417b1e62abc75adc3ec89911b180ed2c676001a2eae7053fc193	True	True	True	0.0	none
high	157	de1db6884b05e81da2151054a94de0a437f2a8ee6912b4e7087b6b815cc6c5f8	bb5d525cf331d842bf45866dc1d96a3408f72f1d687e9ba25151d1226a4766bd	bb5d525cf331d842bf45866dc1d96a3408f72f1d687e9ba25151d1226a4766bd	False	True	True	0.0042596995087728915	[61, 421, 582, 835]
high	158	96ee18dd74d9e2312cb3d21ba9801b1cc31973896274ef4b58de59a11bd7f3d1	96ee18dd74d9e2312cb3d21ba9801b1cc31973896274ef4b58de59a11bd7f3d1	96ee18dd74d9e2312cb3d21ba9801b1cc31973896274ef4b58de59a11bd7f3d1	True	True	True	0.0	none
high	159	0538d0c2e950dde4e59d4f34568fba7e09bd8b237f4c543c4e44a61c6eb4d58e	0538d0c2e950dde4e59d4f34568fba7e09bd8b237f4c543c4e44a61c6eb4d58e	0538d0c2e950dde4e59d4f34568fba7e09bd8b237f4c543c4e44a61c6eb4d58e	True	True	True	0.0	none
high	160	9d4c97dcccb5f0fc3cf10f255d9049ddbbc93ce74bd841fbd2d4a87d0897b66e	9d4c97dcccb5f0fc3cf10f255d9049ddbbc93ce74bd841fbd2d4a87d0897b66e	9d4c97dcccb5f0fc3cf10f255d9049ddbbc93ce74bd841fbd2d4a87d0897b66e	True	True	True	0.0	none
high	161	8398745aedab434de04edd7128c9129d5aedb9c12a3a265033a1df93a46c7594	8398745aedab434de04edd7128c9129d5aedb9c12a3a265033a1df93a46c7594	8398745aedab434de04edd7128c9129d5aedb9c12a3a265033a1df93a46c7594	True	True	True	0.0	none
high	162	567d2d5a2823d423571ad6ae1e5c9619d364f093181e3f3502ee12380ee9ff7e	567d2d5a2823d423571ad6ae1e5c9619d364f093181e3f3502ee12380ee9ff7e	567d2d5a2823d423571ad6ae1e5c9619d364f093181e3f3502ee12380ee9ff7e	True	True	True	0.0	none
high	163	2f8dd1289706593107b036b3640b7eec27bdc69afb109a766962ed0c552493ad	104c6d143694f44bc65821ad966c8ab9b7195921ffc7e01c6f86badfb1df088e	104c6d143694f44bc65821ad966c8ab9b7195921ffc7e01c6f86badfb1df088e	False	True	True	0.00022266221798973698	[372, 542, 392, 552]
high	164	7759e3bbd95f4f23f05dff8596d013df8e3583b8c9c6ed094ba66872a2649d06	7759e3bbd95f4f23f05dff8596d013df8e3583b8c9c6ed094ba66872a2649d06	7759e3bbd95f4f23f05dff8596d013df8e3583b8c9c6ed094ba66872a2649d06	True	True	True	0.0	none
high	165	d0e51d89c9de1c0b2f192f6fcb5e7f627ee264cef3f4f3c630c7631effeb7c2e	fafd9438b9f9b03e54e75f0ff8999c972ce2d451c78191191230312e8706e210	fafd9438b9f9b03e54e75f0ff8999c972ce2d451c78191191230312e8706e210	False	True	True	0.00020553435506744954	[510, 577, 524, 588]
high	166	65f5db16e376e425182c3d26f6deae813248fd86b9b2aa6ff5afcebbdea0dbb7	65f5db16e376e425182c3d26f6deae813248fd86b9b2aa6ff5afcebbdea0dbb7	65f5db16e376e425182c3d26f6deae813248fd86b9b2aa6ff5afcebbdea0dbb7	True	True	True	0.0	none
high	167	5d01a0d1ee1bb58d95a63e5dbccfc181126bf1ccb8ce94ab40b1e4469a779b24	5d01a0d1ee1bb58d95a63e5dbccfc181126bf1ccb8ce94ab40b1e4469a779b24	5d01a0d1ee1bb58d95a63e5dbccfc181126bf1ccb8ce94ab40b1e4469a779b24	True	True	True	0.0	none
high	168	bf56e5955c846a4fdef711de6b725506c67395fc934743bbcc681709cbf1d171	bf56e5955c846a4fdef711de6b725506c67395fc934743bbcc681709cbf1d171	bf56e5955c846a4fdef711de6b725506c67395fc934743bbcc681709cbf1d171	True	True	True	0.0	none
high	169	0fde0594720b5f2b048aa952ac9c5de3d05b43812b0e713ad611f43ffce8d9bb	0fde0594720b5f2b048aa952ac9c5de3d05b43812b0e713ad611f43ffce8d9bb	0fde0594720b5f2b048aa952ac9c5de3d05b43812b0e713ad611f43ffce8d9bb	True	True	True	0.0	none
high	170	1d79e67d04cb0ce546d3c9694b0b7f74082c8403a3b4543315a71ece38004e22	1d79e67d04cb0ce546d3c9694b0b7f74082c8403a3b4543315a71ece38004e22	1d79e67d04cb0ce546d3c9694b0b7f74082c8403a3b4543315a71ece38004e22	True	True	True	0.0	none
high	171	2748e254e7348c4fff829165fdfbe2749e7a6236ed0a9c244ad4e91a41ff775a	2748e254e7348c4fff829165fdfbe2749e7a6236ed0a9c244ad4e91a41ff775a	2748e254e7348c4fff829165fdfbe2749e7a6236ed0a9c244ad4e91a41ff775a	True	True	True	0.0	none
high	172	15f72fd447df21f512fd33f7db05f78d7d2de17751ca9f8212539a0426ee9f8d	15f72fd447df21f512fd33f7db05f78d7d2de17751ca9f8212539a0426ee9f8d	15f72fd447df21f512fd33f7db05f78d7d2de17751ca9f8212539a0426ee9f8d	True	True	True	0.0	none
high	173	8bde410676fcab8b3cc57598edfc9f96ffa19f7786dcd97738c06cb544e31b9b	8bde410676fcab8b3cc57598edfc9f96ffa19f7786dcd97738c06cb544e31b9b	8bde410676fcab8b3cc57598edfc9f96ffa19f7786dcd97738c06cb544e31b9b	True	True	True	0.0	none
high	174	e0c9e49e3995cb21608acc7a2e06534b18a567b4d242af7962f510bc07479da0	f412faaa312d080dc44a87da1bb4f980433e3339c6395c4a9c11ecc6a9f335dc	f412faaa312d080dc44a87da1bb4f980433e3339c6395c4a9c11ecc6a9f335dc	False	True	True	0.00031515267777008926	[85, 67, 561, 79]
high	175	f367f54b8f19639ba0bbf6eaa2c091b8ad88695020e43808177ba8593152c247	f367f54b8f19639ba0bbf6eaa2c091b8ad88695020e43808177ba8593152c247	f367f54b8f19639ba0bbf6eaa2c091b8ad88695020e43808177ba8593152c247	True	True	True	0.0	none
high	176	f78ef2a4b07847eb66459a666fc784d77fa50bcd373565e2ed06b3e01ddfd246	f78ef2a4b07847eb66459a666fc784d77fa50bcd373565e2ed06b3e01ddfd246	f78ef2a4b07847eb66459a666fc784d77fa50bcd373565e2ed06b3e01ddfd246	True	True	True	0.0	none
high	177	42d951f44cd05699cff9486c05b3feec869f49163b1a5dc1f4652c32312a7a40	42d951f44cd05699cff9486c05b3feec869f49163b1a5dc1f4652c32312a7a40	42d951f44cd05699cff9486c05b3feec869f49163b1a5dc1f4652c32312a7a40	True	True	True	0.0	none
high	178	719c5863f3a7baec4ab3db7b74dd343e2c90c77d1fc15d6bf5df7d350811696b	719c5863f3a7baec4ab3db7b74dd343e2c90c77d1fc15d6bf5df7d350811696b	719c5863f3a7baec4ab3db7b74dd343e2c90c77d1fc15d6bf5df7d350811696b	True	True	True	0.0	none
high	179	bc3ec4103c3df1f432e64aa2ca225b2fa7a55eaca1426c2bb884df5bb4a31a0f	bc3ec4103c3df1f432e64aa2ca225b2fa7a55eaca1426c2bb884df5bb4a31a0f	bc3ec4103c3df1f432e64aa2ca225b2fa7a55eaca1426c2bb884df5bb4a31a0f	True	True	True	0.0	none
high	180	7e2f74316a1aa1a2ccef70eb84dbe5af29700954359fad5950dfb160df2e079c	7e2f74316a1aa1a2ccef70eb84dbe5af29700954359fad5950dfb160df2e079c	7e2f74316a1aa1a2ccef70eb84dbe5af29700954359fad5950dfb160df2e079c	True	True	True	0.0	none
high	181	da18791edaae2f88378b7dc8e62d4c93fd44b58ff986f3d710c7c3964ae0b58b	da18791edaae2f88378b7dc8e62d4c93fd44b58ff986f3d710c7c3964ae0b58b	da18791edaae2f88378b7dc8e62d4c93fd44b58ff986f3d710c7c3964ae0b58b	True	True	True	0.0	none
high	182	20c252928884ac1e1e64fddb37bcb1dd97f82339e92c74b9f30754956892b4cb	20c252928884ac1e1e64fddb37bcb1dd97f82339e92c74b9f30754956892b4cb	20c252928884ac1e1e64fddb37bcb1dd97f82339e92c74b9f30754956892b4cb	True	True	True	0.0	none
high	183	9d612e61ca0ca6c3b127b24862d5cfb43c96be4ad78f80d3110b41cd35c40962	9d612e61ca0ca6c3b127b24862d5cfb43c96be4ad78f80d3110b41cd35c40962	9d612e61ca0ca6c3b127b24862d5cfb43c96be4ad78f80d3110b41cd35c40962	True	True	True	0.0	none
high	184	2cbf518645e6367a605d3a53bf0c5932ea4a2bf904f5c64105ab52f5e3fcde8b	2cbf518645e6367a605d3a53bf0c5932ea4a2bf904f5c64105ab52f5e3fcde8b	2cbf518645e6367a605d3a53bf0c5932ea4a2bf904f5c64105ab52f5e3fcde8b	True	True	True	0.0	none
high	185	0eed49daf99594acecaf7ead8c0b4e3679cabb5d6bdf8baf74608dec6aee2b87	0eed49daf99594acecaf7ead8c0b4e3679cabb5d6bdf8baf74608dec6aee2b87	0eed49daf99594acecaf7ead8c0b4e3679cabb5d6bdf8baf74608dec6aee2b87	True	True	True	0.0	none
high	186	087b424b858335ccabcc68fe5b2b3b4c4e4b38086ee88ce0809efe60199edf19	087b424b858335ccabcc68fe5b2b3b4c4e4b38086ee88ce0809efe60199edf19	087b424b858335ccabcc68fe5b2b3b4c4e4b38086ee88ce0809efe60199edf19	True	True	True	0.0	none
high	187	3cca7c7d985e20f2c157b657c15d06fa1b7e58189685033753be0cd1aa57ec7a	3cca7c7d985e20f2c157b657c15d06fa1b7e58189685033753be0cd1aa57ec7a	3cca7c7d985e20f2c157b657c15d06fa1b7e58189685033753be0cd1aa57ec7a	True	True	True	0.0	none
high	188	9693560aed6f52482bcf1d2724ea15d603c1c9e1441a4c1da1f9313f1c5e394d	9693560aed6f52482bcf1d2724ea15d603c1c9e1441a4c1da1f9313f1c5e394d	9693560aed6f52482bcf1d2724ea15d603c1c9e1441a4c1da1f9313f1c5e394d	True	True	True	0.0	none
high	189	2e0299802a41698c86f348354528544b70dc4f81bd8aa58ff404b345b19e66cb	2e0299802a41698c86f348354528544b70dc4f81bd8aa58ff404b345b19e66cb	2e0299802a41698c86f348354528544b70dc4f81bd8aa58ff404b345b19e66cb	True	True	True	0.0	none
high	190	6a185e38bb9304e5f59516586cc79e5808087f5662691f25f7a57829afc5979f	6a185e38bb9304e5f59516586cc79e5808087f5662691f25f7a57829afc5979f	6a185e38bb9304e5f59516586cc79e5808087f5662691f25f7a57829afc5979f	True	True	True	0.0	none
high	191	03900e58a8d80c346afcb63b7e58b3be0a9f2b83ac10e7be509758b8c5a87590	03900e58a8d80c346afcb63b7e58b3be0a9f2b83ac10e7be509758b8c5a87590	03900e58a8d80c346afcb63b7e58b3be0a9f2b83ac10e7be509758b8c5a87590	True	True	True	0.0	none
high	192	6fbe509c0e07d371f5f429f1d52497634f62d0f1c4780ac987ae43604a267b77	6fbe509c0e07d371f5f429f1d52497634f62d0f1c4780ac987ae43604a267b77	6fbe509c0e07d371f5f429f1d52497634f62d0f1c4780ac987ae43604a267b77	True	True	True	0.0	none
high	193	57625564daa324fecc290a5e851aea781dead6667a667d75bd97e73fea46c3f6	57625564daa324fecc290a5e851aea781dead6667a667d75bd97e73fea46c3f6	57625564daa324fecc290a5e851aea781dead6667a667d75bd97e73fea46c3f6	True	True	True	0.0	none
high	194	08915c009285ab4a8b33c42684865c767127012c7773c4221813ae1e835adc16	08915c009285ab4a8b33c42684865c767127012c7773c4221813ae1e835adc16	08915c009285ab4a8b33c42684865c767127012c7773c4221813ae1e835adc16	True	True	True	0.0	none
high	195	2bec703557c9846425dfd8715d7fca5af02441f75ddcc0b395a548376cbda93a	2bec703557c9846425dfd8715d7fca5af02441f75ddcc0b395a548376cbda93a	2bec703557c9846425dfd8715d7fca5af02441f75ddcc0b395a548376cbda93a	True	True	True	0.0	none
high	196	cf22f4fab162ed320e2631be4073a1eed89e6b225fe75568a3062ae70d42242b	cf22f4fab162ed320e2631be4073a1eed89e6b225fe75568a3062ae70d42242b	cf22f4fab162ed320e2631be4073a1eed89e6b225fe75568a3062ae70d42242b	True	True	True	0.0	none
high	197	9d9c73f36008b6ea7ff2bb229ce0d5cd3ee7156f4f3f0ddba1f117ea8e8896f6	9d9c73f36008b6ea7ff2bb229ce0d5cd3ee7156f4f3f0ddba1f117ea8e8896f6	9d9c73f36008b6ea7ff2bb229ce0d5cd3ee7156f4f3f0ddba1f117ea8e8896f6	True	True	True	0.0	none
high	198	5f41a453b7e047da1f40e35481f7a13c2bc859295a04a2dcca6e8d3da39954dc	5f41a453b7e047da1f40e35481f7a13c2bc859295a04a2dcca6e8d3da39954dc	5f41a453b7e047da1f40e35481f7a13c2bc859295a04a2dcca6e8d3da39954dc	True	True	True	0.0	none
high	199	55b1cc06fedb54797683cd5b4535994b654e76ed592368ac5c1e22d951a24847	55b1cc06fedb54797683cd5b4535994b654e76ed592368ac5c1e22d951a24847	55b1cc06fedb54797683cd5b4535994b654e76ed592368ac5c1e22d951a24847	True	True	True	0.0	none
high	200	9972904e1668c89b3faee43d40780845fe7b9b1c71ead5773ff1a6be3bb15e5e	9972904e1668c89b3faee43d40780845fe7b9b1c71ead5773ff1a6be3bb15e5e	9972904e1668c89b3faee43d40780845fe7b9b1c71ead5773ff1a6be3bb15e5e	True	True	True	0.0	none
high	201	d46857622f0d755e9ae93f9abb416ba006564d8e65b8363ea668db13308f25f7	d46857622f0d755e9ae93f9abb416ba006564d8e65b8363ea668db13308f25f7	d46857622f0d755e9ae93f9abb416ba006564d8e65b8363ea668db13308f25f7	True	True	True	0.0	none
high	202	ba66ee84e0548f3aa0aad2f3a3e42f633d73e7509782dd42a99bc0b004c03907	ba66ee84e0548f3aa0aad2f3a3e42f633d73e7509782dd42a99bc0b004c03907	ba66ee84e0548f3aa0aad2f3a3e42f633d73e7509782dd42a99bc0b004c03907	True	True	True	0.0	none
high	203	6fb8baf03a18dcb20f657c0d8506acc651a3d863083d7fb72ea49897473551da	6fb8baf03a18dcb20f657c0d8506acc651a3d863083d7fb72ea49897473551da	6fb8baf03a18dcb20f657c0d8506acc651a3d863083d7fb72ea49897473551da	True	True	True	0.0	none
high	204	7f81ed544a3d73e7d962119b342868d585b9683f136f47a38cd6ef9a166fafae	7f81ed544a3d73e7d962119b342868d585b9683f136f47a38cd6ef9a166fafae	7f81ed544a3d73e7d962119b342868d585b9683f136f47a38cd6ef9a166fafae	True	True	True	0.0	none
high	205	28a523dfc6d2c676837761c4810ee433a289d6dd1b95c66cc9889d9262d6f6ff	28a523dfc6d2c676837761c4810ee433a289d6dd1b95c66cc9889d9262d6f6ff	28a523dfc6d2c676837761c4810ee433a289d6dd1b95c66cc9889d9262d6f6ff	True	True	True	0.0	none
high	206	8dc20e3a123b04feeb407ff1f5eda5c34e061b18e91111624298fc2ea57d3d0d	89de1879e010f37fb690c5b1b357ac2c5fd6eeb5ed9783d984ccb4219d4abc06	89de1879e010f37fb690c5b1b357ac2c5fd6eeb5ed9783d984ccb4219d4abc06	False	True	True	0.00031515267777008926	[85, 67, 561, 79]
high	207	54924699852dad4bc1d5a0dfa2c0ca57a309ee1381b558aee6dbc04020b246ae	54924699852dad4bc1d5a0dfa2c0ca57a309ee1381b558aee6dbc04020b246ae	54924699852dad4bc1d5a0dfa2c0ca57a309ee1381b558aee6dbc04020b246ae	True	True	True	0.0	none
high	208	5206f4039766f31992f808ad03939e00a64f3ade7a67ba3f3568f790f5dedaeb	5206f4039766f31992f808ad03939e00a64f3ade7a67ba3f3568f790f5dedaeb	5206f4039766f31992f808ad03939e00a64f3ade7a67ba3f3568f790f5dedaeb	True	True	True	0.0	none
high	209	61f51fbb830a1cfa37cf5e99d9e254fd4b78487a63c5f24655fb77d1a5fd42b3	61f51fbb830a1cfa37cf5e99d9e254fd4b78487a63c5f24655fb77d1a5fd42b3	61f51fbb830a1cfa37cf5e99d9e254fd4b78487a63c5f24655fb77d1a5fd42b3	True	True	True	0.0	none
high	210	2e06bf551ad91695e34a1e841d8dbe3a4594f4aae94050a0ad9dd298e3d8d190	2e06bf551ad91695e34a1e841d8dbe3a4594f4aae94050a0ad9dd298e3d8d190	2e06bf551ad91695e34a1e841d8dbe3a4594f4aae94050a0ad9dd298e3d8d190	True	True	True	0.0	none
high	211	b665ea197f331fbf324fed51ae23bf68a6f06a714ba982eac4cf2d8789994476	b665ea197f331fbf324fed51ae23bf68a6f06a714ba982eac4cf2d8789994476	b665ea197f331fbf324fed51ae23bf68a6f06a714ba982eac4cf2d8789994476	True	True	True	0.0	none
high	212	2e27227eaeed6e0e29ecd7e50a9371a650a8fdaed52b2ea257ed496bbf366add	2d278f0ff44acc95dc2add62c63fb6ab9df5432b9d4343d0502630d28e1c2ba7	2d278f0ff44acc95dc2add62c63fb6ab9df5432b9d4343d0502630d28e1c2ba7	False	True	True	3.2542939552346177e-05	[281, 747, 294, 758]
high	213	10b297f86f2e650a2835727619e7999d7ee4ada8431dfe806470712c089e5eaf	10b297f86f2e650a2835727619e7999d7ee4ada8431dfe806470712c089e5eaf	10b297f86f2e650a2835727619e7999d7ee4ada8431dfe806470712c089e5eaf	True	True	True	0.0	none
high	214	fed47cffa888a77e5b4d206ec6b58ef36e4df2b42618ab3423049fd85cbb5486	fad38204f3fe59c7f6233c229b1020ff56d7d560abb9ef1df6d105f3dde3f59b	fad38204f3fe59c7f6233c229b1020ff56d7d560abb9ef1df6d105f3dde3f59b	False	True	True	0.11997040305287028	[61, 311, 582, 797]
high	215	5fcaabf64812b8abc89ed9b1893e55c2a4e6e117c245272642c350bd59b25181	5fcaabf64812b8abc89ed9b1893e55c2a4e6e117c245272642c350bd59b25181	5fcaabf64812b8abc89ed9b1893e55c2a4e6e117c245272642c350bd59b25181	True	True	True	0.0	none
high	216	626c3e183618d8625e1f05066f102ea54759f0e6cb1b3809152af6eff789c700	626c3e183618d8625e1f05066f102ea54759f0e6cb1b3809152af6eff789c700	626c3e183618d8625e1f05066f102ea54759f0e6cb1b3809152af6eff789c700	True	True	True	0.0	none
high	217	13922c6e6aa995ff1be12d7804b3189e0b7e6b994c9c134e77e5dcd81f98e3ca	13922c6e6aa995ff1be12d7804b3189e0b7e6b994c9c134e77e5dcd81f98e3ca	13922c6e6aa995ff1be12d7804b3189e0b7e6b994c9c134e77e5dcd81f98e3ca	True	True	True	0.0	none
high	218	4734b351ab30dbd77d01902e913d1333b6fb749c48a1f3af15ac29d100dbb59b	414173c2981d873c8dc6ce373fdbb8ffe0cd52e7d2e1d18e1d81c7eac4d25ad6	414173c2981d873c8dc6ce373fdbb8ffe0cd52e7d2e1d18e1d81c7eac4d25ad6	False	True	True	0.0029596947129712733	[88, 302, 404, 314]
high	219	bba1ee949dd27ed912f032eb5bb0853b0d2fe81495fecc50ac765dcf40430fb1	62f3be3bc2ec848f797f0d3eb4b388ad65559aee0d86c80e71e67bf1fa52ff8c	62f3be3bc2ec848f797f0d3eb4b388ad65559aee0d86c80e71e67bf1fa52ff8c	False	True	True	0.001186960900514521	[111, 143, 475, 768]
high	220	344baa576e663d4ef5933e3e1291249af510fcbba1fb57b3121f575cf47e3f14	18d1d75368c8df04521c598c416aeb009c59a693f48f93b6b176f4022321893e	18d1d75368c8df04521c598c416aeb009c59a693f48f93b6b176f4022321893e	False	True	True	0.0003716746254136379	[241, 111, 294, 125]
high	221	576785b58c2360fc75168b6215b5aa7dcb394b5293e0d7ab8229615a2ce81a77	576785b58c2360fc75168b6215b5aa7dcb394b5293e0d7ab8229615a2ce81a77	576785b58c2360fc75168b6215b5aa7dcb394b5293e0d7ab8229615a2ce81a77	True	True	True	0.0	none
high	222	53ac5c7bc4d84dbb3caa584b3e4b32f91b988597dc5ebb55c3eb18d7972cd8fb	53ac5c7bc4d84dbb3caa584b3e4b32f91b988597dc5ebb55c3eb18d7972cd8fb	53ac5c7bc4d84dbb3caa584b3e4b32f91b988597dc5ebb55c3eb18d7972cd8fb	True	True	True	0.0	none
high	223	cabb8b3357f336b81f6699263c5e771e58f5a7d55387985f61c9ac766c156311	cabb8b3357f336b81f6699263c5e771e58f5a7d55387985f61c9ac766c156311	cabb8b3357f336b81f6699263c5e771e58f5a7d55387985f61c9ac766c156311	True	True	True	0.0	none
high	224	bbc9c1372dd354e4afeb244afc7debe0c4f8e8c3a692c7f4ced907ede3bea8e9	bbc9c1372dd354e4afeb244afc7debe0c4f8e8c3a692c7f4ced907ede3bea8e9	bbc9c1372dd354e4afeb244afc7debe0c4f8e8c3a692c7f4ced907ede3bea8e9	True	True	True	0.0	none
high	225	1469e516fafa5e97bd8f08dcf3584a54b247d573913154dcf32f98b9e44c7500	1469e516fafa5e97bd8f08dcf3584a54b247d573913154dcf32f98b9e44c7500	1469e516fafa5e97bd8f08dcf3584a54b247d573913154dcf32f98b9e44c7500	True	True	True	0.0	none
high	226	fa744691f7e6ce674c7161d43a892d239683833dba15111b137e019fba320d13	fa744691f7e6ce674c7161d43a892d239683833dba15111b137e019fba320d13	fa744691f7e6ce674c7161d43a892d239683833dba15111b137e019fba320d13	True	True	True	0.0	none
high	227	bb9eea7f3a254fa96d6194c4f261d79b9094a3623d55b382146516d1950a4954	bb9eea7f3a254fa96d6194c4f261d79b9094a3623d55b382146516d1950a4954	bb9eea7f3a254fa96d6194c4f261d79b9094a3623d55b382146516d1950a4954	True	True	True	0.0	none
high	228	9c2a1dbe5bb36da216ff4e6cc8e684d0a145c241af18f3cc214c0b825a7f6d5d	9c2a1dbe5bb36da216ff4e6cc8e684d0a145c241af18f3cc214c0b825a7f6d5d	9c2a1dbe5bb36da216ff4e6cc8e684d0a145c241af18f3cc214c0b825a7f6d5d	True	True	True	0.0	none
high	229	81c29a52146aae1420bf8d2e8a45979d86ff03cf45498b6138627da5810ddd7b	81c29a52146aae1420bf8d2e8a45979d86ff03cf45498b6138627da5810ddd7b	81c29a52146aae1420bf8d2e8a45979d86ff03cf45498b6138627da5810ddd7b	True	True	True	0.0	none
high	230	1a649ef2f8bd5ea9ca05de7cdbecea099b910b5f9c5b33e851039b8009cf5971	1a649ef2f8bd5ea9ca05de7cdbecea099b910b5f9c5b33e851039b8009cf5971	1a649ef2f8bd5ea9ca05de7cdbecea099b910b5f9c5b33e851039b8009cf5971	True	True	True	0.0	none
high	231	661513b3f672143e8ab53ab445dce7080471c0ca2683833a7862e015f2a3ee6f	661513b3f672143e8ab53ab445dce7080471c0ca2683833a7862e015f2a3ee6f	661513b3f672143e8ab53ab445dce7080471c0ca2683833a7862e015f2a3ee6f	True	True	True	0.0	none
high	232	449effecd01486754f378ffcd46097b44056e93c789f9ba4a10901f1715299d0	aa00d5bece89cd62fc61b9f9386ea5cdf29f322c1f91103a81a7bdde84e1c2b5	aa00d5bece89cd62fc61b9f9386ea5cdf29f322c1f91103a81a7bdde84e1c2b5	False	True	True	0.0031463884188242066	[215, 751, 568, 794]
high	233	cd32df765d7364f64f4373e441e6c0f836f9dc3220b729e365503a128eca1204	cd32df765d7364f64f4373e441e6c0f836f9dc3220b729e365503a128eca1204	cd32df765d7364f64f4373e441e6c0f836f9dc3220b729e365503a128eca1204	True	True	True	0.0	none
high	234	92cb941d9aece81c5a268f58642fe747bca5514048d4d6bb170c9ce15784ac67	92cb941d9aece81c5a268f58642fe747bca5514048d4d6bb170c9ce15784ac67	92cb941d9aece81c5a268f58642fe747bca5514048d4d6bb170c9ce15784ac67	True	True	True	0.0	none
high	235	7e501955c4834c57a95a6557c42c89d25149b99d461c35c309788bd80e8caddc	7e501955c4834c57a95a6557c42c89d25149b99d461c35c309788bd80e8caddc	7e501955c4834c57a95a6557c42c89d25149b99d461c35c309788bd80e8caddc	True	True	True	0.0	none
high	236	7acfc16eb30d444456e499d64925fde97cb8f540bbe588b4fd5eb783cd405501	7acfc16eb30d444456e499d64925fde97cb8f540bbe588b4fd5eb783cd405501	7acfc16eb30d444456e499d64925fde97cb8f540bbe588b4fd5eb783cd405501	True	True	True	0.0	none
high	237	bf571d0f8c13525fb75dbc595e72c0e7e7cf079b9fa2142b31e51e39897b0761	bf571d0f8c13525fb75dbc595e72c0e7e7cf079b9fa2142b31e51e39897b0761	bf571d0f8c13525fb75dbc595e72c0e7e7cf079b9fa2142b31e51e39897b0761	True	True	True	0.0	none
high	238	5b1151c6612bc293b963c285657d247a158079d3212c7fa5deb9831c6cc8528f	5b1151c6612bc293b963c285657d247a158079d3212c7fa5deb9831c6cc8528f	5b1151c6612bc293b963c285657d247a158079d3212c7fa5deb9831c6cc8528f	True	True	True	0.0	none
high	239	9096fc558d2b7357c3c55759f3dce7467f27361d1add67752babf81666a0f047	9096fc558d2b7357c3c55759f3dce7467f27361d1add67752babf81666a0f047	9096fc558d2b7357c3c55759f3dce7467f27361d1add67752babf81666a0f047	True	True	True	0.0	none
high	240	2edf099f09324c7c5fc9b67c4e13ccd385b70bdcacc6221d925e7b3352c71553	2edf099f09324c7c5fc9b67c4e13ccd385b70bdcacc6221d925e7b3352c71553	2edf099f09324c7c5fc9b67c4e13ccd385b70bdcacc6221d925e7b3352c71553	True	True	True	0.0	none
high	241	8d59ab5d87b55ce685b02b31e048cbca8a8a95583defd7fdb7c3f11704ae6dbc	8d59ab5d87b55ce685b02b31e048cbca8a8a95583defd7fdb7c3f11704ae6dbc	8d59ab5d87b55ce685b02b31e048cbca8a8a95583defd7fdb7c3f11704ae6dbc	True	True	True	0.0	none
high	242	4aeb2811332b6592597eaf9f4128f6a1b3d25398acd4e4e56e9510fee581f35f	4aeb2811332b6592597eaf9f4128f6a1b3d25398acd4e4e56e9510fee581f35f	4aeb2811332b6592597eaf9f4128f6a1b3d25398acd4e4e56e9510fee581f35f	True	True	True	0.0	none
high	243	46a9789e6e8f6c0b6f2c1d589cc30e0d047cff38926ce3b6bb3e6ae0a9611349	06ba2f56dec183145a09c66f42856880946f7bfbd58bcac0c4b919b584576ae1	06ba2f56dec183145a09c66f42856880946f7bfbd58bcac0c4b919b584576ae1	False	True	True	0.00031515267777008926	[85, 67, 561, 79]
high	244	aa0a35f4bad5957851f79b6fce917211f1144ab58d38da905a441e18d96528e5	aa0a35f4bad5957851f79b6fce917211f1144ab58d38da905a441e18d96528e5	aa0a35f4bad5957851f79b6fce917211f1144ab58d38da905a441e18d96528e5	True	True	True	0.0	none
high	245	6e9ee501c6094fcdc7232dece52ecd26b02b787f7882dae1e3e73bcb41a70008	6e9ee501c6094fcdc7232dece52ecd26b02b787f7882dae1e3e73bcb41a70008	6e9ee501c6094fcdc7232dece52ecd26b02b787f7882dae1e3e73bcb41a70008	True	True	True	0.0	none
high	246	401f8d1f4746b41be8285dbed1df6e828f352146c89e84eed20351af62163a6b	401f8d1f4746b41be8285dbed1df6e828f352146c89e84eed20351af62163a6b	401f8d1f4746b41be8285dbed1df6e828f352146c89e84eed20351af62163a6b	True	True	True	0.0	none
high	247	0818d460bbd6e0205642600769559d24cda9e8d94850f4f96443b8fb56ea87ab	f329328f055ab14fc6a8c34a5d02dc35ddb87fec070f72ba193309b98b0e361e	f329328f055ab14fc6a8c34a5d02dc35ddb87fec070f72ba193309b98b0e361e	False	True	True	0.00010619275011818225	[557, 719, 565, 762]
high	248	473dce716e053281052ef5208c0e579d600c8ef7c320dda38757678c45d50469	70e38d66387653246306e72c36bdeb46bfd4f7eca4eece4b662d8d67c586f387	70e38d66387653246306e72c36bdeb46bfd4f7eca4eece4b662d8d67c586f387	False	True	True	0.007719527819074958	[61, 299, 581, 742]
high	249	d78f8ac14b2bd9c288543a9739b02ada76b987b7648ab6ec03e04711216bddf7	46aaa9b6b874795dcf12fe7395b17b65851a530cfd576e5411525e422d3852da	46aaa9b6b874795dcf12fe7395b17b65851a530cfd576e5411525e422d3852da	False	True	True	0.0028295229547618886	[61, 356, 582, 761]
high	250	7f5cb68a1f0a3c17b7083474883c7cb59c889aa774d31b9502ace50f72fab3a1	7f5cb68a1f0a3c17b7083474883c7cb59c889aa774d31b9502ace50f72fab3a1	7f5cb68a1f0a3c17b7083474883c7cb59c889aa774d31b9502ace50f72fab3a1	True	True	True	0.0	none
high	251	e781c69660889408780ccd9c140726a9e47ff3700bfaef9f27c969e5862dfa36	e781c69660889408780ccd9c140726a9e47ff3700bfaef9f27c969e5862dfa36	e781c69660889408780ccd9c140726a9e47ff3700bfaef9f27c969e5862dfa36	True	True	True	0.0	none
high	252	d3af974ef8465fe3dffd881e8c1ea80e6291336ab9170537b9259b7a431116dc	d3af974ef8465fe3dffd881e8c1ea80e6291336ab9170537b9259b7a431116dc	d3af974ef8465fe3dffd881e8c1ea80e6291336ab9170537b9259b7a431116dc	True	True	True	0.0	none
high	253	a79a0da12d5e607d85ef29c53767ba57159dce0aea5e5e3bc811837b58414704	a79a0da12d5e607d85ef29c53767ba57159dce0aea5e5e3bc811837b58414704	a79a0da12d5e607d85ef29c53767ba57159dce0aea5e5e3bc811837b58414704	True	True	True	0.0	none
high	254	2a7e9cbd1536b763574bbb3d4b9b37ba61049af653faae09376ecc820700cc0c	2a7e9cbd1536b763574bbb3d4b9b37ba61049af653faae09376ecc820700cc0c	2a7e9cbd1536b763574bbb3d4b9b37ba61049af653faae09376ecc820700cc0c	True	True	True	0.0	none
high	255	c279014c064b39f435e8d7cd52a1243365eed6a98b2ba888af6df49fba7ab915	c279014c064b39f435e8d7cd52a1243365eed6a98b2ba888af6df49fba7ab915	c279014c064b39f435e8d7cd52a1243365eed6a98b2ba888af6df49fba7ab915	True	True	True	0.0	none
high	256	c22a26bd907b9b9593c3ae735d3162d34a8cdcdcb27b9d8c7423e30f100e7c9d	8554ea0e825201792a287faef781fa811503773ca480d29a2e84aede089f4804	8554ea0e825201792a287faef781fa811503773ca480d29a2e84aede089f4804	False	True	True	0.0001490124074239009	[101, 617, 121, 625]
high	257	4f9e969e37bad2f7bbd11bf402e645d9757f7feff126bf452f35a3195412e65b	4f9e969e37bad2f7bbd11bf402e645d9757f7feff126bf452f35a3195412e65b	4f9e969e37bad2f7bbd11bf402e645d9757f7feff126bf452f35a3195412e65b	True	True	True	0.0	none
high	258	e340cacf78259f634c2a424346ae015f015411b9ee601fb5b421c7c7c734d3d5	e340cacf78259f634c2a424346ae015f015411b9ee601fb5b421c7c7c734d3d5	e340cacf78259f634c2a424346ae015f015411b9ee601fb5b421c7c7c734d3d5	True	True	True	0.0	none
high	259	5a6f61d6e0cacb1ad64028560fef6b0fedceb6802a1c76a923fa1e24f1a148c3	5a6f61d6e0cacb1ad64028560fef6b0fedceb6802a1c76a923fa1e24f1a148c3	5a6f61d6e0cacb1ad64028560fef6b0fedceb6802a1c76a923fa1e24f1a148c3	True	True	True	0.0	none
high	260	11fe6d5d5af26cbc1100de42657ff591715ef69e01447aed45075e32a2a2ed92	11fe6d5d5af26cbc1100de42657ff591715ef69e01447aed45075e32a2a2ed92	11fe6d5d5af26cbc1100de42657ff591715ef69e01447aed45075e32a2a2ed92	True	True	True	0.0	none
high	261	df6462af09a8e649ed115324ece869890a10d14a29e6c7474a703685e41aa8a1	df6462af09a8e649ed115324ece869890a10d14a29e6c7474a703685e41aa8a1	df6462af09a8e649ed115324ece869890a10d14a29e6c7474a703685e41aa8a1	True	True	True	0.0	none
high	262	c9f607c832784847dafcf97b733c1413dd085d9c9346524b663aefc39629cd98	c9f607c832784847dafcf97b733c1413dd085d9c9346524b663aefc39629cd98	c9f607c832784847dafcf97b733c1413dd085d9c9346524b663aefc39629cd98	True	True	True	0.0	none
high	263	eaec179a67b6cb3320761b2bcc3f8af517ee7b21c84e944ce1c19abf0241746a	eaec179a67b6cb3320761b2bcc3f8af517ee7b21c84e944ce1c19abf0241746a	eaec179a67b6cb3320761b2bcc3f8af517ee7b21c84e944ce1c19abf0241746a	True	True	True	0.0	none
high	264	580423955139bf0660d7d3bf6f87774586510de62db74025bfee60e22cd17f8c	580423955139bf0660d7d3bf6f87774586510de62db74025bfee60e22cd17f8c	580423955139bf0660d7d3bf6f87774586510de62db74025bfee60e22cd17f8c	True	True	True	0.0	none
high	265	5855b58c0561ba61d65934837e375bc60c795fa801e9094ff347ff915ff91d54	5855b58c0561ba61d65934837e375bc60c795fa801e9094ff347ff915ff91d54	5855b58c0561ba61d65934837e375bc60c795fa801e9094ff347ff915ff91d54	True	True	True	0.0	none
